idcidade,iduf,cidade
1100148,11,NOVA BRASILANDIA D'OESTE
1100320,11,SAO MIGUEL DO GUAPORA
1100346,11,ALVORADA D'OESTE
1101500,11,SERINGUEIRAS
1100015,11,ALTA FLORESTA D'OESTE
1100049,11,CACOAL
1100098,11,ESPIGAO D'OESTE
1100288,11,ROLIM DE MOURA
1100296,11,SANTA LUZIA D'OESTE
1100379,11,ALTO ALEGRE DOS PARECIS
1100502,11,NOVO HORIZONTE DO OESTE
1100908,11,CASTANHEIRAS
1101203,11,MINISTRO ANDREAZZA
1100189,11,PIMENTA BUENO
1100304,11,VILHENA
1100924,11,CHUPINGUAIA
1101450,11,PARECIS
1101476,11,PRIMAVERA DE RONDONIA
1101484,11,SAO FELIPE D'OESTE
1100031,11,CABIXI
1100056,11,CEREJEIRAS
1100064,11,COLORADO DO OESTE
1100072,11,CORUMBIARA
1101468,11,PIMENTEIRAS DO OESTE
1200203,12,CRUZEIRO DO SUL
1200336,12,MANCIO LIMA
1200351,12,MARECHAL THAUMATURGO
1200393,12,PORTO WALTER
1200427,12,RODRIGUES ALVES
1200302,12,FEIJO
1200328,12,JORDAO
1200609,12,TARAUACA
1200344,12,MANOEL URBANO
1200435,12,SANTA ROSA DO PURUS
1200500,12,SENA MADUREIRA
1200013,12,ACRELANDIA
1200138,12,BUJARI
1200179,12,CAPIXABA
1200385,12,PLACIDO DE CASTRO
1200401,12,RIO BRANCO
1200450,12,SENADOR GUIOMARD
1200807,12,PORTO ACRE
1200054,12,ASSIS BRASIL
1200104,12,BRASILEIA
1200252,12,EPITACIOLANDIA
1200708,12,XAPURI
1300409,13,BARCELOS
1303205,13,NOVO AIRAO
1100205,11,PORTO VELHO
1100338,11,NOVA MAMORE
1100452,11,BURITIS
1100700,11,CAMPO NOVO DE RONDONIA
1100809,11,CANDEIAS DO JAMARI
1100940,11,CUJUBIM
1101104,11,ITAPUA DO OESTE
1100080,11,COSTA MARQUES
1100106,11,GUAJARA-MIRIM
1101492,11,SAO FRANCISCO DO GUAPORE
1100023,11,ARIQUEMES
1100130,11,MACHADINHO D'OESTE
1100262,11,RIO CRESPO
1100403,11,ALTO PARAISO
1100601,11,CACAULANDIA
1101401,11,MONTE NEGRO
1101757,11,VALE DO ANARI
1100114,11,JARU
1100122,11,JI-PARANA
1100155,11,OURO PRETO DO OESTE
1100254,11,PRESIDENTE MEDICI
1101005,11,GOVERNADOR JORGE TEIXEIRA
1101302,11,MIRANTE DA SERRA
1101435,11,NOVA UNIAO
1101559,11,TEIXEIROPOLIS
1101609,11,THEOBROMA
1101708,11,URUPA
1101807,11,VALE DO PARAISO
1303601,13,SANTA ISABEL DO RIO NEGRO
1303809,13,SAO GABRIEL DA CACHOEIRA
1302108,13,JAPURA
1302801,13,MARAA
1300060,13,AMATURA
1300201,13,ATALAIA DO NORTE
1300607,13,BENJAMIN CONSTANT
1301605,13,FONTE BOA
1302306,13,JUTAI
1303700,13,SANTO ANTONIO DO ICA
1303908,13,SAO PAULO DE OLIVENCA
1304062,13,TABATINGA
1304237,13,TONANTINS
1301001,13,CARAUARI
1301407,13,EIRUNEPE
1301506,13,ENVIRA
1301654,13,GUAJARA
1301803,13,IPIXUNA
1301951,13,ITAMARATI
1302207,13,JURUA
1300029,13,ALVARAES
1304203,13,TEFE
1304260,13,UARINI
1300086,13,ANAMA
1300102,13,ANORI
1300631,13,BERURI
1300839,13,CAAPIRANGA
1301209,13,COARI
1301308,13,CODAJAS
1300300,13,AUTAZES
1301100,13,CAREIRO
1301159,13,CAREIRO DA VARZEA
1301852,13,IRANDUBA
1302504,13,MANACAPURU
1302553,13,MANAQUIRI
1302603,13,MANAUS
1303536,13,PRESIDENTE FIGUEIREDO
1303569,13,RIO PRETO DA EVA
1301902,13,ITACOATIARA
1302009,13,ITAPIRANGA
1303106,13,NOVA OLINDA DO NORTE
1304005,13,SILVES
1304401,13,URUCURITUBA
1300508,13,BARREIRINHA
1300680,13,BOA VISTA DO RAMOS
1302900,13,MAUES
1303007,13,NHAMUNDA
1303403,13,PARINTINS
1303957,13,SAO SEBASTIAO DO UATUMA
1304302,13,URUCARA
1300706,13,BOCA DO ACRE
1303502,13,PAUINI
1300904,13,CANUTAMA
1302405,13,LABREA
1304104,13,TAPAUA
1300144,13,APUI
1300805,13,BORBA
1301704,13,HUMAITA
1302702,13,MANICORE
1303304,13,NOVO ARIPUANA
1400027,14,AMAJARI
1400050,14,ALTO ALEGRE
1400100,14,BOA VISTA
1400456,14,PACARAIMA
1400159,14,BONFIM
1400175,14,CANTA
1400407,14,NORMANDIA
1400704,14,UIRAMUTA
1400209,14,CARACARAI
1400282,14,IRACEMA
1400308,14,MUCAJAI
1400233,14,CAROEBE
1400472,14,RORAINOPOLIS
1400506,14,SAO JOAO DA BALIZA
1400605,14,SAO LUIZ
1503002,15,FARO
1503903,15,JURUTI
1505106,15,OBIDOS
1505304,15,ORIXIMINA
1507979,15,TERRA SANTA
1500404,15,ALENQUER
1501451,15,BELTERRA
1502855,15,CURUA
1504802,15,MONTE ALEGRE
1505650,15,PLACAS
1506005,15,PRAINHA
1506807,15,SANTAREM
1500503,15,ALMEIRIM
1505908,15,PORTO DE MOZ
1501105,15,BAGRE
1503101,15,GURUPA
1504505,15,MELGACO
1505809,15,PORTEL
1500305,15,AFUA
1500701,15,ANAJAS
1501808,15,BREVES
1502806,15,CURRALINHO
1507706,15,SAO SEBASTIAO DA BOA VISTA
1502004,15,CACHOEIRA DO ARARI
1502509,15,CHAVES
1504901,15,MUANA
1505700,15,PONTA DE PEDRAS
1506302,15,SALVATERRA
1506401,15,SANTA CRUZ DO ARARI
1507904,15,SOURE
1500800,15,ANANINDEUA
1501303,15,BARCARENA
1501402,15,BELEM
1501501,15,BENEVIDES
1504422,15,MARITUBA
1506351,15,SANTA BARBARA DO PARA
1501907,15,BUJARU
1502400,15,CASTANHAL
1503408,15,INHANGAPI
1506500,15,SANTA ISABEL DO PARA
1507003,15,SANTO ANTONIO DO TAUA
1502608,15,COLARES
1502905,15,CURUCA
1504109,15,MAGALHAES BARATA
1504307,15,MARACANA
1504406,15,MARAPANIM
1506203,15,SALINOPOLIS
1507102,15,SAO CAETANO DE ODIVELAS
1507466,15,SAO JOAO DA PONTA
1507474,15,SAO JOAO DE PIRABAS
1507961,15,TERRA ALTA
1508209,15,VIGIA
1500909,15,AUGUSTO CORREA
1501600,15,BONITO
1501709,15,BRAGANCA
1502202,15,CAPANEMA
1503200,15,IGARAPE-ACU
1505007,15,NOVA TIMBOTEUA
1505601,15,PEIXE-BOI
1506104,15,PRIMAVERA
1506112,15,QUATIPURU
1506609,15,SANTA MARIA DO PARA
1506906,15,SANTAREM NOVO
1507409,15,SAO FRANCISCO DO PARA
1508035,15,TRACUATEUA
1500107,15,ABAETETUBA
1501204,15,BAIAO
1502103,15,CAMETA
1503309,15,IGARAPE-MIRI
1504000,15,LIMOEIRO DO AJURU
1504604,15,MOCAJUBA
1505205,15,OEIRAS DO PARA
1500206,15,ACARA
1502756,15,CONCORDIA DO PARA
1504703,15,MOJU
1507953,15,TAILANDIA
1508001,15,TOME-ACU
1500958,15,AURORA DO PARA
1501956,15,CACHOEIRA DO PIRIA
1502301,15,CAPITAO POCO
1503077,15,GARRAFAO DO NORTE
1503457,15,IPIXUNA DO PARA
1503507,15,IRITUIA
1504059,15,MAE DO RIO
1504950,15,NOVA ESPERANCA DO PIRIA
1505403,15,OUREM
1506559,15,SANTA LUZIA DO PARA
1507201,15,SAO DOMINGOS DO CAPIM
1507607,15,SAO MIGUEL DO GUAMA
1508308,15,VISEU
1501006,15,AVEIRO
1503606,15,ITAITUBA
1503754,15,JACAREACANGA
1505031,15,NOVO PROGRESSO
1506195,15,RUROPOLIS
1508050,15,TRAIRAO
1500602,15,ALTAMIRA
1500859,15,ANAPU
1501725,15,BRASIL NOVO
1504455,15,MEDICILANDIA
1505486,15,PACAJA
1507805,15,SENADOR JOSE PORFIRIO
1508159,15,URUARA
1508357,15,VITORIA DO XINGU
1501782,15,BREU BRANCO
1503705,15,ITUPIRANGA
1503804,15,JACUNDA
1504976,15,NOVA IPIXUNA
1505064,15,NOVO REPARTIMENTO
1508100,15,TUCURUI
1500131,15,ABEL FIGUEIREDO
1501576,15,BOM JESUS DO TOCANTINS
1502939,15,DOM ELISEU
1503093,15,GOIANESIA DO PARA
1505502,15,PARAGOMINAS
1506187,15,RONDON DO PARA
1508126,15,ULIANOPOLIS
1501253,15,BANNACH
1502764,15,CUMARU DO NORTE
1505437,15,OURILANDIA DO NORTE
1507300,15,SAO FELIX DO XINGU
1508084,15,TUCUMA
1500347,15,AGUA AZUL DO NORTE
1502152,15,CANAA DOS CARAJAS
1502772,15,CURIONOPOLIS
1502954,15,ELDORADO DOS CARAJAS
2207850,22,PAVUSSU
2209005,22,RIO GRANDE DO PIAUI
2209708,22,SAO FRANCISCO DO PIAUI
2210102,22,SAO JOSE DO PEIXE
2210391,22,SAO MIGUEL DO FIDALGO
2200459,22,ALVORADA DO GURGUEIA
2201309,22,BARREIRAS DO PIAUI
2201903,22,BOM JESUS
2203107,22,CRISTINO CASTRO
2203230,22,CURRAIS
2204402,22,GILBUES
2206605,22,MONTE ALEGRE DO PIAUI
2207405,22,PALMEIRA DO PIAUI
2208700,22,REDENCAO DO GURGUEIA
2209302,22,SANTA LUZ
2209757,22,SAO GONCALO DO GURGUEIA
2200707,22,ANISIO DE ABREU
2201929,22,BONFIM DO PIAUI
2201988,22,BREJO DO PIAUI
2202307,22,CANTO DO BURITI
2202505,22,CARACOL
2202851,22,CORONEL JOSE DIAS
2203354,22,DIRCEU ARCOVERDE
2203453,22,DOM INOCENCIO
2203750,22,FARTURA DO PIAUI
2204550,22,GUARIBAS
2205532,22,JUREMA
2207355,22,PAJEU DO PIAUI
2209559,22,SAO BRAZ DO PIAUI
2210359,22,SAO LOURENCO DO PIAUI
2210607,22,SAO RAIMUNDO NONATO
2210953,22,TAMBORIL DO PIAUI
2211357,22,VARZEA BRANCA
2201101,22,AVELINO LOPES
2202901,22,CORRENTE
2203008,22,CRISTALANDIA DO PIAUI
2203206,22,CURIMATA
2205524,22,JULIO BORGES
2206654,22,MORRO CABECA NO TEMPO
2207603,22,PARNAGUA
2208858,22,RIACHO FRIO
2210623,22,SEBASTIAO BARROS
2200954,22,AROEIRAS DO ITAIM
2201804,22,BOCAINA
2202075,22,CAJAZEIRAS DO PIAUI
2202778,22,COLONIA DO PIAUI
2203404,22,DOM EXPEDITO LOPES
2204352,22,GEMINIANO
2204808,22,IPIRANGA DO PIAUI
2207009,22,OEIRAS
2207553,22,PAQUETA
2208007,22,PICOS
2209104,22,SANTA CRUZ DO PIAUI
2209351,22,SANTANA DO PIAUI
2209377,22,SANTA ROSA DO PIAUI
2209856,22,SAO JOAO DA CANABRAVA
2209955,22,SAO JOAO DA VARJOTA
2210201,22,SAO JOSE DO PIAUI
2210375,22,SAO LUIS DO PIAUI
2210938,22,SUSSUAPARA
2210979,22,TANQUE DO PIAUI
2211704,22,WALL FERRAZ
2200251,22,ALAGOINHA DO PIAUI
2200277,22,ALEGRETE DO PIAUI
2204204,22,FRANCISCO SANTOS
2206506,22,MONSENHOR HIPOLITO
2208205,22,PIO IX
2209401,22,SANTO ANTONIO DE LISBOA
2210300,22,SAO JULIAO
2200053,22,ACAUA
2201556,22,BELA VISTA DO PIAUI
2201572,22,BELEM DO PIAUI
2201739,22,BETANIA DO PIAUI
2202091,22,CALDEIRAO GRANDE DO PIAUI
2202109,22,CAMPINAS DO PIAUI
2202117,22,CAMPO ALEGRE DO FIDALGO
2202133,22,CAMPO GRANDE DO PIAUI
2202455,22,CAPITAO GERVASIO OLIVEIRA
2202554,22,CARIDADE DO PIAUI
2202802,22,CONCEICAO DO CANINDE
2203271,22,CURRAL NOVO DO PIAUI
2203859,22,FLORESTA DO PIAUI
2204154,22,FRANCISCO MACEDO
2204303,22,FRONTEIRAS
2204907,22,ISAIAS COELHO
2205003,22,ITAINOPOLIS
2205151,22,JACOBINA DO PIAUI
2205201,22,JAICOS
2205359,22,JOAO COSTA
2205565,22,LAGOA DO BARRO DO PIAUI
2205953,22,MARCOLANDIA
2206050,22,MASSAPE DO PIAUI
2207207,22,PADRE MARCOS
2207306,22,PAES LANDIM
2207777,22,PATOS DO PIAUI
2207801,22,PAULISTANA
2207934,22,PEDRO LAURENTINO
2207959,22,NOVA SANTA RITA
2208650,22,QUEIMADA NOVA
2208874,22,RIBEIRA DO PIAUI
2209500,22,SANTO INACIO DO PIAUI
2209658,22,SAO FRANCISCO DE ASSIS DO PIAUI
2210003,22,SAO JOAO DO PIAUI
2210706,22,SIMOES
2210805,22,SIMPLICIO MENDES
2210904,22,SOCORRO DO PIAUI
2211506,22,VERA MENDES
2211605,22,VILA NOVA DO PIAUI
2300200,23,ACARAU
2302057,23,BARROQUINHA
2302305,23,BELA CRUZ
2302602,23,CAMOCIM
2303907,23,CHAVAL
2304251,23,CRUZ
2304707,23,GRANJA
2306553,23,ITAREMA
2307254,23,JIJOCA DE JERICOACOARA
2307809,23,MARCO
2307908,23,MARTINOPOLE
2308906,23,MORRINHOS
2303402,23,CARNAUBAL
2304236,23,CROATA
2305001,23,GUARACIABA DO NORTE
2305308,23,IBIAPINA
2312304,23,SAO BENEDITO
2313401,23,TIANGUA
2313609,23,UBAJARA
2314102,23,VICOSA DO CEARA
2304004,23,COREAU
2304509,23,FRECHEIRINHA
2308807,23,MORAUJO
2313906,23,URUOCA
2300507,23,ALCANTARAS
2308203,23,MERUOCA
2303105,23,CARIRE
2304350,23,FORQUILHA
2304657,23,GRACA
2304905,23,GROAIRAS
2306108,23,IRAUCUBA
2308005,23,MASSAPE
2308377,23,MIRAIMA
2309003,23,MUCAMBO
2309904,23,PACUJA
2312007,23,SANTANA DO ACARAU
2312809,23,SENADOR SA
2312908,23,SOBRAL
2305803,23,IPU
2305902,23,IPUEIRAS
2310951,23,PIRES FERREIRA
2311009,23,PORANGA
2311702,23,RERIUTABA
2313955,23,VARJOTA
2303659,23,CATUNDA
2305209,23,HIDROLANDIA
2312205,23,SANTA QUITERIA
2300754,23,AMONTADA
2306405,23,ITAPIPOCA
2313500,23,TRAIRI
2310209,23,PARACURU
2310258,23,PARAIPABA
2312403,23,SAO GONCALO DO AMARANTE
2306306,23,ITAPAGE
2313559,23,TURURU
2313757,23,UMIRIM
2313807,23,URUBURETAMA
2300903,23,APUIARES
2304608,23,GENERAL SAMPAIO
2310704,23,PENTECOSTE
2312601,23,SAO LUIS DO CURU
2313351,23,TEJUCUOCA
2302800,23,CANINDE
2303006,23,CARIDADE
2306603,23,ITATIRA
2310407,23,PARAMOTI
2300150,23,ACARAPE
2301208,23,ARACOIABA
2301406,23,ARATUBA
2302107,23,BATURITE
2302909,23,CAPISTRANO
2305100,23,GUARAMIRANGA
2306504,23,ITAPIUNA
2309102,23,MULUNGU
2309805,23,PACOTI
2310100,23,PALMACIA
2311603,23,REDENCAO
2301950,23,BARREIRA
2303956,23,CHOROZINHO
2309458,23,OCARA
2302206,23,BEBERIBE
2303501,23,CASCAVEL
2310852,23,PINDORETAMA
2301000,23,AQUIRAZ
2303709,23,CAUCAIA
2304285,23,EUSEBIO
2304400,23,FORTALEZA
2304954,23,GUAIUBA
2306256,23,ITAITINGA
2307650,23,MARACANAU
2307700,23,MARANGUAPE
2309706,23,PACATUBA
2305233,23,HORIZONTE
2309607,23,PACAJUS
2301257,23,ARARENDA
2304103,23,CRATEUS
2305605,23,INDEPENDENCIA
2305654,23,IPAPORANGA
2308609,23,MONSENHOR TABOSA
2309300,23,NOVA RUSSAS
2309409,23,NOVO ORIENTE
2311264,23,QUITERIANOPOLIS
2313203,23,TAMBORIL
2301851,23,BANABUIU
2302404,23,BOA VIAGEM
2303931,23,CHORO
2305266,23,IBARETAMA
2307635,23,MADALENA
2311306,23,QUIXADA
2311405,23,QUIXERAMOBIM
2300408,23,AIUABA
2301505,23,ARNEIROZ
2303600,23,CATARINA
2310308,23,PARAMBU
2311900,23,SABOEIRO
2313302,23,TAUA
2300309,23,ACOPIARA
2304269,23,DEPUTADO IRAPUAN PINHEIRO
2308351,23,MILHA
2308500,23,MOMBACA
2310506,23,PEDRA BRANCA
2310902,23,PIQUET CARNEIRO
2312700,23,SENADOR POMPEU
2313005,23,SOLONOPOLE
2301109,23,ARACATI
2304459,23,FORTIM
2305357,23,ICAPUI
2306207,23,ITAICABA
2300705,23,ALTO SANTO
2305332,23,IBICUITINGA
2307007,23,JAGUARUANA
2307601,23,LIMOEIRO DO NORTE
2308708,23,MORADA NOVA
2310001,23,PALHANO
2311504,23,QUIXERE
2311801,23,RUSSAS
2312502,23,SAO JOAO DO JAGUARIBE
2313104,23,TABULEIRO DO NORTE
2306702,23,JAGUARETAMA
2306801,23,JAGUARIBARA
2306900,23,JAGUARIBE
2304277,23,ERERE
2306009,23,IRACEMA
2310803,23,PEREIRO
2311231,23,POTIRETAMA
2303808,23,CEDRO
2305407,23,ICO
2305506,23,IGUATU
2309508,23,OROS
2311355,23,QUIXELO
2300804,23,ANTONINA DO NORTE
2303303,23,CARIUS
2307403,23,JUCAS
2313252,23,TARRAFAS
2314003,23,VARZEA ALEGRE
2301802,23,BAIXIO
2305704,23,IPAUMIRIM
2307502,23,LAVRAS DA MANGABEIRA
2313708,23,UMARI
2301307,23,ARARIPE
2301604,23,ASSARE
2302701,23,CAMPOS SALES
2311207,23,POTENGI
2311959,23,SALITRE
2300606,23,ALTANEIRA
2303204,23,CARIRIACU
2304301,23,FARIAS BRITO
2304806,23,GRANJEIRO
2301703,23,AURORA
2302008,23,BARRO
2308104,23,MAURITI
2301901,23,BARBALHA
2304202,23,CRATO
2307106,23,JARDIM
2307304,23,JUAZEIRO DO NORTE
2308401,23,MISSAO VELHA
2309201,23,NOVA OLINDA
2311108,23,PORTEIRAS
2312106,23,SANTANA DO CARIRI
2300101,23,ABAIARA
2302503,23,BREJO SANTO
2307205,23,JATI
2308302,23,MILAGRES
2310605,23,PENAFORTE
2401107,24,AREIA BRANCA
2401453,24,BARAUNA
2404408,24,GROSSOS
2408003,24,MOSSORO
2411056,24,TIBAU
2413359,24,SERRA DO MEL
2401008,24,APODI
2402303,24,CARAUBAS
2403707,24,FELIPE GUERRA
2404309,24,GOVERNADOR DIX-SEPT ROSADO
2401305,24,AUGUSTO SEVERO
2405207,24,JANDUIS
2407609,24,MESSIAS TARGINO
2408706,24,PARAU
2414456,24,TRIUNFO POTIGUAR
2414605,24,UPANEMA
2400208,24,ACU
2400703,24,ALTO DO RODRIGUES
2402501,24,CARNAUBAIS
2404705,24,IPANGUACU
2404853,24,ITAJA
2406106,24,JUCURUTU
2409902,24,PENDENCIAS
2410256,24,PORTO DO MANGUE
2412807,24,SAO RAFAEL
2400406,24,AGUA NOVA
2402907,24,CORONEL JOAO PESSOA
2403202,24,DOUTOR SEVERIANO
2403301,24,ENCANTO
2407005,24,LUIS GOMES
2407252,24,MAJOR SALES
2410801,24,RIACHO DE SANTANA
2412500,24,SAO MIGUEL
2414753,24,VENHA-VER
2400505,24,ALEXANDRIA
2403905,24,FRANCISCO DANTAS
2404903,24,ITAU
2406007,24,JOSE DA PENHA
2407302,24,MARCELINO VIEIRA
2408607,24,PARANA
2409407,24,PAU DOS FERROS
2410009,24,PILOES
2410207,24,PORTALEGRE
2410504,24,RAFAEL FERNANDES
2410702,24,RIACHO DA CRUZ
2411007,24,RODOLFO FERNANDES
2411908,24,SAO FRANCISCO DO OESTE
2413607,24,SEVERIANO MELO
2413805,24,TABOLEIRO GRANDE
2414100,24,TENENTE ANANIAS
2414902,24,VICOSA
2400604,24,ALMINO AFONSO
2400901,24,ANTONIO MARTINS
2404002,24,FRUTUOSO GOMES
2405900,24,JOAO DIAS
2406908,24,LUCRECIA
2407401,24,MARTINS
2408409,24,OLHO-D'AGUA DO BORGES
2409308,24,PATU
2410603,24,RAFAEL GODEIRO
2413557,24,SERRINHA DOS PINTOS
2414506,24,UMARIZAL
2401859,24,CAICARA DO NORTE
2404101,24,GALINHOS
2404507,24,GUAMARE
2407203,24,MACAU
2411601,24,SAO BENTO DO NORTE
2400307,24,AFONSO BEZERRA
2400802,24,ANGICOS
2401909,24,CAICARA DO RIO DO VENTO
2403756,24,FERNANDO PEDROZA
2405504,24,JARDIM DE ANGICOS
2406700,24,LAJES
2409605,24,PEDRA PRETA
2409704,24,PEDRO AVELINO
2401651,24,BODO
2402709,24,CERRO CORA
2403806,24,FLORANIA
2406502,24,LAGOA NOVA
2411403,24,SANTANA DO MATOS
2413003,24,SAO VICENTE
2414159,24,TENENTE LAURENTINO CRUZ
2402006,24,CAICO
2404804,24,IPUEIRA
2405603,24,JARDIM DE PIRANHAS
2411809,24,SAO FERNANDO
2412104,24,SAO JOAO DO SABUGI
2413409,24,SERRA NEGRA DO NORTE
2414308,24,TIMBAUBA DOS BATISTAS
2400109,24,ACARI
2402402,24,CARNAUBA DOS DANTAS
2403004,24,CRUZETA
2403103,24,CURRAIS NOVOS
2403400,24,EQUADOR
2405702,24,JARDIM DO SERIDO
2408508,24,OURO BRANCO
2408904,24,PARELHAS
2411429,24,SANTANA DO SERIDO
2412401,24,SAO JOSE DO SERIDO
2401602,24,BENTO FERNANDES
2405108,24,JANDAIRA
2405801,24,JOAO CAMARA
2408805,24,PARAZINHO
2410108,24,POCO BRANCO
2401503,24,BARCELONA
2402105,24,CAMPO REDONDO
2402808,24,CORONEL EZEQUIEL
2405009,24,JACANA
2405405,24,JAPI
2406403,24,LAGOA DE VELHOS
2406809,24,LAJES PINTADAS
2407906,24,MONTE DAS GAMELEIRAS
2411106,24,RUY BARBOSA
2411205,24,SANTA CRUZ
2411700,24,SAO BENTO DO TRAIRI
2412302,24,SAO JOSE DO CAMPESTRE
2412906,24,SAO TOME
2413300,24,SERRA DE SAO BENTO
2413706,24,SITIO NOVO
2414001,24,TANGARA
2401701,24,BOM JESUS
2401800,24,BREJINHO
2404606,24,IELMO MARINHO
2405306,24,JANUARIO CICCO
2406155,24,JUNDIA
2406205,24,LAGOA D'ANTA
2406304,24,LAGOA DE PEDRAS
2406601,24,LAGOA SALGADA
2407807,24,MONTE ALEGRE
2408300,24,NOVA CRUZ
2409100,24,PASSA E FICA
2409209,24,PASSAGEM
2409332,24,SANTA MARIA
2410306,24,PRESIDENTE JUSCELINO
2410900,24,RIACHUELO
2411502,24,SANTO ANTONIO
2412609,24,SAO PAULO DO POTENGI
2412708,24,SAO PEDRO
2413102,24,SENADOR ELOI DE SOUZA
2413508,24,SERRINHA
2414704,24,VARZEA
2414803,24,VERA CRUZ
2407500,24,MAXARANGUAPE
2408953,24,RIO DO FOGO
2409506,24,PEDRA GRANDE
2410405,24,PUREZA
2412559,24,SAO MIGUEL DO GOSTOSO
2413904,24,TAIPU
2414407,24,TOUROS
2402600,24,CEARA-MIRIM
2407104,24,MACAIBA
2408201,24,NISIA FLORESTA
2412005,24,SAO GONCALO DO AMARANTE
2412203,24,SAO JOSE DE MIPIBU
2403251,24,PARNAMIRIM
2403608,24,EXTREMOZ
2408102,24,NATAL
2401206,24,ARES
2401404,24,BAIA FORMOSA
2402204,24,CANGUARETAMA
2403509,24,ESPIRITO SANTO
2404200,24,GOIANINHA
2407708,24,MONTANHAS
2409803,24,PEDRO VELHO
2413201,24,SENADOR GEORGINO AVELINO
2414209,24,TIBAU DO SUL
2415008,24,VILA FLOR
2502003,25,BELEM DO BREJO DO CRUZ
2502300,25,BOM SUCESSO
2502805,25,BREJO DO CRUZ
2502904,25,BREJO DOS SANTOS
2504306,25,CATOLE DO ROCHA
2507408,25,JERICO
2508109,25,LAGOA
2509370,25,MATO GROSSO
2512804,25,RIACHO DOS CAVALOS
2513901,25,SAO BENTO
2514651,25,SAO JOSE DO BREJO DO CRUZ
2500700,25,SAO JOAO DO RIO DO PEIXE
2502052,25,BERNARDINO BATISTA
2502201,25,BOM JESUS
2502409,25,BONITO DE SANTA FE
2503308,25,CACHOEIRA DOS INDIOS
2503704,25,CAJAZEIRAS
2504108,25,CARRAPATEIRA
2509602,25,MONTE HOREBE
2512036,25,POCO DANTAS
2512077,25,POCO DE JOSE DE MOURA
2513307,25,SANTA HELENA
2513653,25,SANTAREM
2514503,25,SAO JOSE DE PIRANHAS
2516805,25,TRIUNFO
2516904,25,UIRAUNA
2500775,25,APARECIDA
2503753,25,CAJAZEIRINHAS
2504504,25,CONDADO
2505501,25,VISTA SERRANA
2508406,25,LASTRO
2508802,25,MALTA
2509156,25,MARIZOPOLIS
2510006,25,NAZAREZINHO
2510907,25,PAULISTA
2512101,25,POMBAL
2513208,25,SANTA CRUZ
2513927,25,SAO BENTINHO
2513968,25,SAO DOMINGOS DE POMBAL
2513984,25,SAO FRANCISCO
2514206,25,SAO JOSE DA LAGOA TAPADA
2516201,25,SOUSA
2517209,25,VIEIROPOLIS
2501153,25,AREIA DE BARAUNAS
2503407,25,CACIMBA DE AREIA
2508703,25,MAE D'AGUA
2510709,25,PASSAGEM
2510808,25,PATOS
2512606,25,QUIXABA
2513802,25,SANTA TERESINHA
2514404,25,SAO JOSE DE ESPINHARAS
2514602,25,SAO JOSE DO BONFIM
2500205,25,AGUIAR
2502607,25,IGARACY
2504207,25,CATINGUEIRA
2504801,25,COREMAS
2505907,25,EMAS
2510204,25,NOVA OLINDA
2510402,25,OLHO D'AGUA
2511301,25,PIANCO
2513604,25,SANTANA DOS GARROTES
2502102,25,BOA VENTURA
2504405,25,CONCEICAO
2505303,25,CURRAL VELHO
2505600,25,DIAMANTE
2506608,25,IBIARA
2507002,25,ITAPORANGA
2511004,25,PEDRA BRANCA
2513356,25,SANTA INES
2513505,25,SANTANA DE MANGUEIRA
2514305,25,SAO JOSE DE CAIANA
2515708,25,SERRA GRANDE
2500106,25,AGUA BRANCA
2503555,25,CACIMBAS
2505402,25,DESTERRO
2506707,25,IMACULADA
2508000,25,JURU
2509008,25,MANAIRA
2509396,25,MATUREIA
2512309,25,PRINCESA ISABEL
2514552,25,SAO JOSE DE PRINCESA
2516607,25,TAVARES
2516706,25,TEIXEIRA
2507804,25,JUNCO DO SERIDO
2513000,25,SALGADINHO
2513406,25,SANTA LUZIA
2514701,25,SAO JOSE DO SABUGI
2514909,25,SAO MAMEDE
2517100,25,VARZEA
2105963,21,LAGOA GRANDE DO MARANHAO
2106359,21,MARAJA DO SENA
2107357,21,NOVA OLINDA DO MARANHAO
2108108,21,PAULO RAMOS
2108504,21,PINDARE-MIRIM
2109239,21,PRESIDENTE MEDICI
2109908,21,SANTA INES
2110005,21,SANTA LUZIA
2110039,21,SANTA LUZIA DO PARUA
2111029,21,SAO JOAO DO CARU
2112274,21,TUFILANDIA
2113009,21,VITORINO FREIRE
2114007,21,ZE DOCA
2100055,21,ACAILANDIA
2100600,21,AMARANTE DO MARANHAO
2102358,21,BURITIRANA
2103257,21,CIDELANDIA
2103752,21,DAVINOPOLIS
2104552,21,GOVERNADOR EDISON LOBAO
2105302,21,IMPERATRIZ
2105427,21,ITINGA DO MARANHAO
2105500,21,JOAO LISBOA
2105989,21,LAJEADO NOVO
2107001,21,MONTES ALTOS
2109551,21,RIBAMAR FIQUENE
2110856,21,SAO FRANCISCO DO BREJAO
2111532,21,SAO PEDRO DA AGUA BRANCA
2111763,21,SENADOR LA ROCQUE
2112852,21,VILA NOVA DOS MARTIRIOS
2101202,21,BACABAL
2101939,21,BERNARDO DO MEARIM
2102077,21,BOM LUGAR
2104008,21,ESPERANTINOPOLIS
2105203,21,IGARAPE GRANDE
2105807,21,LAGO DO JUNCO
2105906,21,LAGO VERDE
2105948,21,LAGO DOS RODRIGUES
2106003,21,LIMA CAMPOS
2107407,21,OLHO D'AGUA DAS CUNHAS
2108207,21,PEDREIRAS
2108702,21,PIO XII
2108900,21,POCAO DE PEDRAS
2110302,21,SANTO ANTONIO DOS LOPES
2111409,21,SAO LUIS GONZAGA DO MARANHAO
2111508,21,SAO MATEUS DO MARANHAO
2111631,21,SAO RAIMUNDO DO DOCA BEZERRA
2111672,21,SAO ROBERTO
2111722,21,SATUBINHA
2112233,21,TRIZIDELA DO VALE
2100956,21,ARAME
2101608,21,BARRA DO CORDA
2104081,21,FERNANDO FALCAO
2104099,21,FORMOSA DA SERRA NEGRA
2104800,21,GRAJAU
2105351,21,ITAIPAVA DO GRAJAU
2105476,21,JENIPAPO DOS VIEIRAS
2105609,21,JOSELANDIA
2109759,21,SANTA FILOMENA DO MARANHAO
2111805,21,SITIO NOVO
2112308,21,TUNTUM
2103802,21,DOM PEDRO
2104206,21,FORTUNA
2104404,21,GONCALVES DIAS
2104503,21,GOVERNADOR ARCHER
2104602,21,GOVERNADOR EUGENIO BARROS
2104628,21,GOVERNADOR LUIZ ROCHA
2104701,21,GRACA ARANHA
2109106,21,PRESIDENTE DUTRA
2110708,21,SAO DOMINGOS DO MARANHAO
2111250,21,SAO JOSE DOS BASILIOS
2111748,21,SENADOR ALEXANDRE COSTA
2100154,21,AGUA DOCE DO MARANHAO
2100907,21,ARAIOSES
2106300,21,MAGALHAES DE ALMEIDA
2110104,21,SANTA QUITERIA DO MARANHAO
2110237,21,SANTANA DO MARANHAO
2110609,21,SAO BERNARDO
2100808,21,ANAPURUS
2101731,21,BELAGUA
2102101,21,BREJO
2102200,21,BURITI
2103208,21,CHAPADINHA
2106409,21,MATA ROMA
2106672,21,MILAGRES DO MARANHAO
2110401,21,SAO BENEDITO DO RIO PRETO
2112605,21,URBANO SANTOS
2100436,21,ALTO ALEGRE DO MARANHAO
2102754,21,CAPINZAL DO NORTE
2103307,21,CODO
2103604,21,COROATA
2108454,21,PERITORO
2112100,21,TIMBIRAS
2100105,21,AFONSO CUNHA
2100303,21,ALDEIAS ALTAS
2103406,21,COELHO NETO
2103901,21,DUQUE BACELAR
2102309,21,BURITI BRAVO
2103000,21,CAXIAS
2106607,21,MATOES
2107803,21,PARNARAMA
2111078,21,SAO JOAO DO SOTER
2112209,21,TIMON
2101509,21,BARAO DE GRAJAU
2103505,21,COLINAS
2105450,21,JATOBA
2105922,21,LAGOA DO MATO
2106706,21,MIRADOR
2107308,21,NOVA IORQUE
2107704,21,PARAIBANO
2107902,21,PASSAGEM FRANCA
2108009,21,PASTOS BONS
2110906,21,SAO FRANCISCO DO MARANHAO
2111102,21,SAO JOAO DOS PATOS
2111904,21,SUCUPIRA DO NORTE
2111953,21,SUCUPIRA DO RIACHAO
2102556,21,CAMPESTRE DO MARANHAO
2102804,21,CAROLINA
2104057,21,ESTREITO
2109007,21,PORTO FRANCO
2111052,21,SAO JOAO DO PARAISO
2111573,21,SAO PEDRO DOS CRENTES
2100501,21,ALTO PARNAIBA
2101400,21,BALSAS
2104073,21,FEIRA NOVA DO MARANHAO
2109502,21,RIACHAO
2112001,21,TASSO FRAGOSO
2101806,21,BENEDITO LEITE
2104107,21,FORTALEZA DOS NOGUEIRAS
2106102,21,LORETO
2107258,21,NOVA COLINAS
2109700,21,SAMBAIBA
2110658,21,SAO DOMINGOS DO AZEITAO
2110807,21,SAO FELIX DE BALSAS
2111607,21,SAO RAIMUNDO DAS MANGABEIRAS
2201200,22,BARRAS
2201507,22,BATALHA
2201770,22,BOA HORA
2201960,22,BRASILEIRA
2202059,22,CABECEIRAS DO PIAUI
2202174,22,CAMPO LARGO DO PIAUI
2203701,22,ESPERANTINA
2205409,22,JOAQUIM PIRES
2205458,22,JOCA MARQUES
2205805,22,LUZILANDIA
2205854,22,MADEIRO
2206100,22,MATIAS OLIMPIO
2206209,22,MIGUEL ALVES
2206670,22,MORRO DO CHAPEU DO PIAUI
2206803,22,NOSSA SENHORA DOS REMEDIOS
2208403,22,PIRIPIRI
2208502,22,PORTO
2209971,22,SAO JOAO DO ARRAIAL
2201919,22,BOM PRINCIPIO DO PIAUI
2202000,22,BURITI DOS LOPES
2202083,22,CAJUEIRO DA PRAIA
2202539,22,CARAUBAS DO PIAUI
2202653,22,CAXINGO
2202703,22,COCAL
2202729,22,COCAL DOS ALVES
2204659,22,ILHA GRANDE
2205706,22,LUIS CORREIA
2206696,22,MURICI DOS PORTELAS
2207702,22,PARNAIBA
2208304,22,PIRACURUCA
2209872,22,SAO JOAO DA FRONTEIRA
2210052,22,SAO JOSE DO DIVINO
2200400,22,ALTOS
2201606,22,BENEDITINOS
2202737,22,COIVARAS
2203255,22,CURRALINHOS
2203305,22,DEMERVAL LOBAO
2205508,22,JOSE DE FREITAS
2205557,22,LAGOA ALEGRE
2205581,22,LAGOA DO PIAUI
2206308,22,MIGUEL LEAO
2206407,22,MONSENHOR GIL
2207793,22,PAU D'ARCO DO PIAUI
2211001,22,TERESINA
2211100,22,UNIAO
2200301,22,ALTO LONGA
2201051,22,ASSUNCAO DO PIAUI
2201945,22,BOQUEIRAO DO PIAUI
2202026,22,BURITI DOS MONTES
2202208,22,CAMPO MAIOR
2202406,22,CAPITAO DE CAMPOS
2202604,22,CASTELO DO PIAUI
2202711,22,COCAL DE TELHA
2203420,22,DOMINGOS MOURAO
2205276,22,JATOBA DO PIAUI
2205516,22,JUAZEIRO DO PIAUI
2205573,22,LAGOA DE SAO FRANCISCO
2206357,22,MILTON BRANDAO
2206753,22,NOSSA SENHORA DE NAZARE
2206951,22,NOVO SANTO ANTONIO
2207900,22,PEDRO II
2209906,22,SAO JOAO DA SERRA
2210409,22,SAO MIGUEL DO TAPUIO
2210656,22,SIGEFREDO PACHECO
2200103,22,AGRICOLANDIA
2200202,22,AGUA BRANCA
2200509,22,AMARANTE
2200608,22,ANGICAL DO PIAUI
2201002,22,ARRAIAL
2201408,22,BARRO DURO
2204105,22,FRANCISCO AYRES
2204600,22,HUGO NAPOLEAO
2205250,22,JARDIM DO MULATO
2205540,22,LAGOINHA DO PIAUI
2207108,22,OLHO D'AGUA DO PIAUI
2207504,22,PALMEIRAIS
2207751,22,PASSAGEM FRANCA DO PIAUI
2208809,22,REGENERACAO
2209450,22,SANTO ANTONIO DOS MILAGRES
2209807,22,SAO GONCALO DO PIAUI
2210508,22,SAO PEDRO DO PIAUI
2200905,22,AROAZES
2201176,22,BARRA D'ALCANTARA
2203503,22,ELESBAO VELOSO
2204006,22,FRANCINOPOLIS
2204709,22,INHUMA
2205599,22,LAGOA DO SITIO
2206902,22,NOVO ORIENTE DO PIAUI
2208106,22,PIMENTEIRAS
2208601,22,PRATA DO PIAUI
2209153,22,SANTA CRUZ DOS MILAGRES
2209609,22,SAO FELIX DO PIAUI
2210383,22,SAO MIGUEL DA BAIXA GRANDE
2211308,22,VALENCA DO PIAUI
2211407,22,VARZEA GRANDE
2201150,22,BAIXA GRANDE DO RIBEIRO
2208908,22,RIBEIRO GONCALVES
2209203,22,SANTA FILOMENA
2211209,22,URUCUI
2200806,22,ANTONIO ALMEIDA
2201705,22,BERTOLINIA
2202752,22,COLONIA DO GURGUEIA
2203602,22,ELISEU MARTINS
2205607,22,LANDRI SALES
2205904,22,MANOEL EMIDIO
2206001,22,MARCOS PARENTE
2208551,22,PORTO ALEGRE DO PIAUI
2210631,22,SEBASTIAO LEAL
2202251,22,CANAVIEIRA
2203800,22,FLORES DO PIAUI
2203909,22,FLORIANO
2204501,22,GUADALUPE
2205102,22,ITAUEIRA
2205300,22,JERUMENHA
1505536,15,PARAUAPEBAS
1501758,15,BREJO GRANDE DO ARAGUAIA
1504208,15,MARABA
1505494,15,PALESTINA DO PARA
1507151,15,SAO DOMINGOS DO ARAGUAIA
1507508,15,SAO JOAO DO ARAGUAIA
1505551,15,PAU D'ARCO
1505635,15,PICARRA
1506138,15,REDENCAO
1506161,15,RIO MARIA
1507458,15,SAO GERALDO DO ARAGUAIA
1507755,15,SAPUCAIA
1508407,15,XINGUARA
1502707,15,CONCEICAO DO ARAGUAIA
1503044,15,FLORESTA DO ARAGUAIA
1506583,15,SANTA MARIA DAS BARREIRAS
1506708,15,SANTANA DO ARAGUAIA
1600204,16,CALCOENE
1600501,16,OIAPOQUE
1600105,16,AMAPA
1600550,16,PRACUUBA
1600709,16,TARTARUGALZINHO
1600055,16,SERRA DO NAVIO
1600154,16,PEDRA BRANCA DO AMAPARI
1600212,16,CUTIAS
1600238,16,FERREIRA GOMES
1600253,16,ITAUBAL
1600303,16,MACAPA
1600535,16,PORTO GRANDE
1600600,16,SANTANA
1600279,16,LARANJAL DO JARI
1600402,16,MAZAGAO
1600808,16,VITORIA DO JARI
1700301,17,AGUIARNOPOLIS
1701002,17,ANANAS
1701051,17,ANGICO
1702208,17,ARAGUATINS
1702554,17,AUGUSTINOPOLIS
1702901,17,AXIXA DO TOCANTINS
1703800,17,BURITI DO TOCANTINS
1703826,17,CACHOEIRINHA
1703891,17,CARRASCO BONITO
1706506,17,DARCINOPOLIS
1707405,17,ESPERANTINA
1710706,17,ITAGUATINS
1712454,17,LUZINOPOLIS
1712801,17,MAURILANDIA DO TOCANTINS
1713809,17,PALMEIRAS DO TOCANTINS
1714302,17,NAZARE
1718303,17,PRAIA NORTE
1718550,17,RIACHINHO
1718808,17,SAMPAIO
1720002,17,SANTA TEREZINHA DO TOCANTINS
1720101,17,SAO BENTO DO TOCANTINS
1720200,17,SAO MIGUEL DO TOCANTINS
1720309,17,SAO SEBASTIAO DO TOCANTINS
1720804,17,SITIO NOVO DO TOCANTINS
1721208,17,TOCANTINOPOLIS
1701309,17,ARAGOMINAS
1702109,17,ARAGUAINA
1702158,17,ARAGUANA
1702307,17,ARAPOEMA
1703008,17,BABACULANDIA
1703057,17,BANDEIRANTES DO TOCANTINS
1703883,17,CARMOLANDIA
1705508,17,COLINAS DO TOCANTINS
1707702,17,FILADELFIA
1713957,17,MURICILANDIA
1714880,17,NOVA OLINDA
1715705,17,PALMEIRANTE
1716307,17,PAU D'ARCO
1717206,17,PIRAQUE
1718865,17,SANTA FE DO ARAGUAIA
1722081,17,WANDERLANDIA
1722107,17,XAMBIOA
1700251,17,ABREULANDIA
1701903,17,ARAGUACEMA
1703107,17,BARROLANDIA
1703206,17,BERNARDO SAYAO
1703602,17,BRASILANDIA DO TOCANTINS
1703909,17,CASEARA
1706001,17,COUTO DE MAGALHAES
1707108,17,DIVINOPOLIS DO TOCANTINS
1707207,17,DOIS IRMAOS DO TOCANTINS
1708254,17,FORTALEZA DO TABOCAO
1708304,17,GOIANORTE
1709302,17,GUARAI
1711100,17,ITAPORA DO TOCANTINS
1711803,17,JUARINA
1712504,17,MARIANOPOLIS DO TOCANTINS
1713205,17,MIRACEMA DO TOCANTINS
1713304,17,MIRANORTE
1713700,17,MONTE SANTO DO TOCANTINS
1716653,17,PEQUIZEIRO
1716703,17,COLMEIA
1718402,17,PRESIDENTE KENNEDY
1718709,17,RIO DOS BOIS
1721257,17,TUPIRAMA
1721307,17,TUPIRATINS
1702000,17,ARAGUACU
1704600,17,CHAPADA DE AREIA
1706100,17,CRISTALANDIA
1707306,17,DUERE
1707553,17,FATIMA
1708205,17,FORMOSO DO ARAGUAIA
1711902,17,LAGOA DA CONFUSAO
1715002,17,NOVA ROSALANDIA
1715507,17,OLIVEIRA DE FATIMA
1716109,17,PARAISO DO TOCANTINS
1717503,17,PIUM
1718451,17,PUGMIL
1718840,17,SANDOLANDIA
1700350,17,ALIANCA DO TOCANTINS
1700707,17,ALVORADA
1703701,17,BREJINHO DE NAZARE
1703867,17,CARIRI DO TOCANTINS
1706258,17,CRIXAS DO TOCANTINS
1707652,17,FIGUEIROPOLIS
1709500,17,GURUPI
1711506,17,JAU DO TOCANTINS
1715754,17,PALMEIROPOLIS
1716604,17,PEIXE
1718899,17,SANTA RITA DO TOCANTINS
1720259,17,SAO SALVADOR DO TOCANTINS
1720853,17,SUCUPIRA
1720978,17,TALISMA
1701101,17,APARECIDA DO RIO NEGRO
1703305,17,BOM JESUS DO TOCANTINS
1709807,17,IPUEIRAS
1712009,17,LAJEADO
1713601,17,MONTE DO CARMO
1716505,17,PEDRO AFONSO
1718204,17,PORTO NACIONAL
1718881,17,SANTA MARIA DO TOCANTINS
1720655,17,SILVANOPOLIS
1721000,17,PALMAS
1721109,17,TOCANTINIA
1703073,17,BARRA DO OURO
1703842,17,CAMPOS LINDOS
1704105,17,CENTENARIO
1709005,17,GOIATINS
1710508,17,ITACAJA
1710904,17,ITAPIRATINS
1711951,17,LAGOA DO TOCANTINS
1712405,17,LIZARDA
1712702,17,MATEIROS
1715101,17,NOVO ACORDO
1717909,17,PONTE ALTA DO TOCANTINS
1718501,17,RECURSOLANDIA
1718758,17,RIO SONO
1719004,17,SANTA TEREZA DO TOCANTINS
1720150,17,SAO FELIX DO TOCANTINS
1700400,17,ALMAS
1702406,17,ARRAIAS
1702703,17,AURORA DO TOCANTINS
1705102,17,CHAPADA DA NATIVIDADE
1705557,17,COMBINADO
1705607,17,CONCEICAO DO TOCANTINS
1707009,17,DIANOPOLIS
1712157,17,LAVANDEIRA
1714203,17,NATIVIDADE
1715150,17,NOVO ALEGRE
1715259,17,NOVO JARDIM
1716208,17,PARANA
1717008,17,PINDORAMA DO TOCANTINS
1717800,17,PONTE ALTA DO BOM JESUS
1718006,17,PORTO ALEGRE DO TOCANTINS
1718659,17,RIO DA CONCEICAO
1718907,17,SANTA ROSA DO TOCANTINS
1720499,17,SAO VALERIO DA NATIVIDADE
1720903,17,TAGUATINGA
1720937,17,TAIPAS DO TOCANTINS
2100204,21,ALCANTARA
2100832,21,APICUM-ACU
2101301,21,BACURI
2101350,21,BACURITUBA
2101905,21,BEQUIMAO
2102408,21,CAJAPIO
2103109,21,CEDRAL
2103125,21,CENTRAL DO MARANHAO
2103703,21,CURURUPU
2104909,21,GUIMARAES
2106805,21,MIRINZAL
2109056,21,PORTO RICO DO MARANHAO
2111789,21,SERRANO DO MARANHAO
2107506,21,PACO DO LUMIAR
2109452,21,RAPOSA
2111201,21,SAO JOSE DE RIBAMAR
2111300,21,SAO LUIS
2101103,21,AXIXA
2101251,21,BACABEIRA
2102374,21,CACHOEIRA GRANDE
2105104,21,ICATU
2107100,21,MORROS
2109205,21,PRESIDENTE JUSCELINO
2109601,21,ROSARIO
2110203,21,SANTA RITA
2101707,21,BARREIRINHAS
2105005,21,HUMBERTO DE CAMPOS
2108058,21,PAULINO NEVES
2109403,21,PRIMEIRA CRUZ
2110278,21,SANTO AMARO DO MARANHAO
2112506,21,TUTOIA
2100709,21,ANAJATUBA
2101004,21,ARARI
2101772,21,BELA VISTA DO MARANHAO
2102507,21,CAJARI
2103554,21,CONCEICAO DO LAGO-ACU
2105153,21,IGARAPE DO MEIO
2106508,21,MATINHA
2106904,21,MONCAO
2107456,21,OLINDA NOVA DO MARANHAO
2107605,21,PALMEIRANDIA
2108256,21,PEDRO DO ROSARIO
2108306,21,PENALVA
2108405,21,PERI MIRIM
2108603,21,PINHEIRO
2109270,21,PRESIDENTE SARNEY
2109809,21,SANTA HELENA
2110500,21,SAO BENTO
2111003,21,SAO JOAO BATISTA
2111706,21,SAO VICENTE FERRER
2112803,21,VIANA
2112902,21,VITORIA DO MEARIM
2102705,21,CANTANHEDE
2105401,21,ITAPECURU MIRIM
2106631,21,MATOES DO NORTE
2106755,21,MIRANDA DO NORTE
2107209,21,NINA RODRIGUES
2108801,21,PIRAPEMAS
2109304,21,PRESIDENTE VARGAS
2112704,21,VARGEM GRANDE
2100550,21,AMAPA DO MARANHAO
2101970,21,BOA VISTA DO GURUPI
2102606,21,CANDIDO MENDES
2102903,21,CARUTAPERA
2103158,21,CENTRO DO GUILHERME
2103174,21,CENTRO NOVO DO MARANHAO
2104305,21,GODOFREDO VIANA
2104677,21,GOVERNADOR NUNES FREIRE
2105658,21,JUNCO DO MARANHAO
2106201,21,LUIS DOMINGUES
2106326,21,MARACACUME
2106375,21,MARANHAOZINHO
2112407,21,TURIACU
2112456,21,TURILANDIA
2100402,21,ALTAMIRA DO MARANHAO
2100477,21,ALTO ALEGRE DO PINDARE
2100873,21,ARAGUANA
2102002,21,BOM JARDIM
2102036,21,BOM JESUS DAS SELVAS
2102150,21,BREJO DE AREIA
2102325,21,BURITICUPU
2104651,21,GOVERNADOR NEWTON BELLO
2105708,21,LAGO DA PEDRA
2605202,26,ESCADA
2605905,26,GAMELEIRA
2607950,26,JAQUEIRA
2608206,26,JOAQUIM NABUCO
2609204,26,MARAIAL
2610004,26,PALMARES
2611408,26,PRIMAVERA
2611507,26,QUIPAPA
2611804,26,RIBEIRAO
2611903,26,RIO FORMOSO
2612901,26,SAO BENEDITO DO SUL
2613404,26,SAO JOSE DA COROA GRANDE
2614204,26,SIRINHAEM
2614857,26,TAMANDARE
2616506,26,XEXEU
2601052,26,ARACOIABA
2606804,26,IGARASSU
2607604,26,ILHA DE ITAMARACA
2607752,26,ITAPISSUMA
2600054,26,ABREU E LIMA
2603454,26,CAMARAGIBE
2607901,26,JABOATAO DOS GUARARAPES
2609402,26,MORENO
2609600,26,OLINDA
2610707,26,PAULISTA
2611606,26,RECIFE
2613701,26,SAO LOURENCO DA MATA
2602902,26,CABO DE SANTO AGOSTINHO
2607208,26,IPOJUCA
2605459,26,FERNANDO DE NORONHA
2700102,27,AGUA BRANCA
2701605,27,CANAPI
2703304,27,INHAPI
2705002,27,MATA GRANDE
2706422,27,PARICONHA
2702405,27,DELMIRO GOUVEIA
2705804,27,OLHO D'AGUA DO CASADO
2707107,27,PIRANHAS
2701803,27,CARNEIROS
2702504,27,DOIS RIACHOS
2704609,27,MARAVILHA
2706109,27,OURO BRANCO
2706208,27,PALESTINA
2706406,27,PAO DE ACUCAR
2707206,27,POCO DAS TRINCHEIRAS
2708006,27,SANTANA DO IPANEMA
2708402,27,SAO JOSE DA TAPERA
2708956,27,SENADOR RUI PALMEIRA
2700706,27,BATALHA
2700904,27,BELO MONTE
2703403,27,JACARE DOS HOMENS
2703700,27,JARAMATAIA
2704401,27,MAJOR ISIDORO
2705408,27,MONTEIROPOLIS
2705705,27,OLHO D'AGUA DAS FLORES
2706000,27,OLIVENCA
2700805,27,BELEM
2701209,27,CACIMBINHAS
2702553,27,ESTRELA DE ALAGOAS
2703106,27,IGACI
2704807,27,MARIBONDO
2704906,27,MAR VERMELHO
2705309,27,MINADOR DO NEGRAO
2706307,27,PALMEIRA DOS INDIOS
2706604,27,PAULO JACINTO
2707602,27,QUEBRANGULO
2709004,27,TANQUE D'ARCA
2700300,27,ARAPIRACA
2701506,27,CAMPO GRANDE
2702009,27,COITE DO NOIA
2702355,27,CRAIBAS
2702603,27,FEIRA GRANDE
2702900,27,GIRAU DO PONCIANO
2704104,27,LAGOA DA CANOA
2704203,27,LIMOEIRO DE ANADIA
2708808,27,SAO SEBASTIAO
2709103,27,TAQUARANA
2705903,27,OLHO D'AGUA GRANDE
2708204,27,SAO BRAS
2709202,27,TRAIPU
2701902,27,CHA PRETA
2703007,27,IBATEGUARA
2707008,27,PINDOBA
2708105,27,SANTANA DO MUNDAU
2708303,27,SAO JOSE DA LAJE
2709301,27,UNIAO DOS PALMARES
2709400,27,VICOSA
2700409,27,ATALAIA
2701100,27,BRANQUINHA
2701308,27,CAJUEIRO
2701357,27,CAMPESTRE
2701704,27,CAPELA
2702108,27,COLONIA LEOPOLDINA
2702801,27,FLEXEIRAS
2703502,27,JACUIPE
2703809,27,JOAQUIM GOMES
2703908,27,JUNDIA
2705101,27,MATRIZ DE CAMARAGIBE
2705200,27,MESSIAS
2705507,27,MURICI
2705606,27,NOVO LINO
2707305,27,PORTO CALVO
2708501,27,SAO LUIS DO QUITUNDE
2703601,27,JAPARATINGA
2704500,27,MARAGOGI
2706505,27,PASSO DE CAMARAGIBE
2707404,27,PORTO DE PEDRAS
2708709,27,SAO MIGUEL DOS MILAGRES
2700508,27,BARRA DE SANTO ANTONIO
2700607,27,BARRA DE SAO MIGUEL
2702207,27,COQUEIRO SECO
2704302,27,MACEIO
2704708,27,MARECHAL DEODORO
2706448,27,PARIPUEIRA
2706901,27,PILAR
2707701,27,RIO LARGO
2707909,27,SANTA LUZIA DO NORTE
2708907,27,SATUBA
2700201,27,ANADIA
2701001,27,BOCA DA MATA
2701407,27,CAMPO ALEGRE
2702306,27,CORURIPE
2703759,27,JEQUIA DA PRAIA
2704005,27,JUNQUEIRO
2707800,27,ROTEIRO
2708600,27,SAO MIGUEL DOS CAMPOS
2709152,27,TEOTONIO VILELA
2702702,27,FELIZ DESERTO
2703205,27,IGREJA NOVA
2706703,27,PENEDO
2706802,27,PIACABUCU
2707503,27,PORTO REAL DO COLEGIO
2801207,28,CANINDE DE SAO FRANCISCO
2802205,28,FEIRA NOVA
2802403,28,GARARU
2802601,28,GRACHO CARDOSO
2803104,28,ITABI
2804201,28,MONTE ALEGRE DE SERGIPE
2804508,28,NOSSA SENHORA DA GLORIA
2805406,28,POCO REDONDO
2805604,28,PORTO DA FOLHA
2801405,28,CARIRA
2802304,28,FREI PAULO
2804458,28,NOSSA SENHORA APARECIDA
2805000,28,PEDRA MOLE
2805208,28,PINHAO
2806008,28,RIBEIROPOLIS
2800209,28,AQUIDABA
2801900,28,CUMBE
2803807,28,MALHADA DOS BOIS
2804300,28,MURIBECA
2804607,28,NOSSA SENHORA DAS DORES
2807006,28,SAO MIGUEL DO ALEIXO
2800506,28,AREIA BRANCA
2801009,28,CAMPO DO BRITO
2802908,28,ITABAIANA
2803708,28,MACAMBIRA
2803906,28,MALHADOR
2804102,28,MOITA BONITA
2806800,28,SAO DOMINGOS
2805505,28,POCO VERDE
2807105,28,SIMAO DIAS
2807402,28,TOBIAS BARRETO
2803500,28,LAGARTO
2805802,28,RIACHAO DO DANTAS
2800100,28,AMPARO DE SAO FRANCISCO
2800704,28,BREJO GRANDE
2801108,28,CANHOBA
2801603,28,CEDRO DE SAO JOAO
2802700,28,ILHA DAS FLORES
2804409,28,NEOPOLIS
2804706,28,NOSSA SENHORA DE LOURDES
2805703,28,PROPRIA
2806404,28,SANTANA DO SAO FRANCISCO
2807303,28,TELHA
2801306,28,CAPELA
2802007,28,DIVINA PASTORA
2806503,28,SANTA ROSA DE LIMA
2807204,28,SIRIRI
2803302,28,JAPARATUBA
2803401,28,JAPOATA
2804904,28,PACATUBA
2805307,28,PIRAMBU
2806909,28,SAO FRANCISCO
2801504,28,CARMOPOLIS
2802502,28,GENERAL MAYNARD
2803609,28,LARANJEIRAS
2804003,28,MARUIM
2805901,28,RIACHUELO
2806107,28,ROSARIO DO CATETE
2806602,28,SANTO AMARO DAS BROTAS
2800308,28,ARACAJU
2800605,28,BARRA DOS COQUEIROS
2804805,28,NOSSA SENHORA DO SOCORRO
2806701,28,SAO CRISTOVAO
2800407,28,ARAUA
2800670,28,BOQUIM
2801702,28,CRISTINAPOLIS
2803005,28,ITABAIANINHA
2805109,28,PEDRINHAS
2806206,28,SALGADO
2807501,28,TOMAR DO GERU
2807600,28,UMBAUBA
2802106,28,ESTANCIA
2802809,28,INDIAROBA
2803203,28,ITAPORANGA D'AJUDA
2806305,28,SANTA LUZIA DO ITANHY
2902500,29,BAIANOPOLIS
2903201,29,BARREIRAS
2907400,29,CATOLANDIA
2911105,29,FORMOSA DO RIO PRETO
2919553,29,LUIS EDUARDO MAGALHAES
2926202,29,RIACHAO DAS NEVES
2928901,29,SAO DESIDERIO
2901403,29,ANGICAL
2904407,29,BREJOLANDIA
2909406,29,COTEGIPE
2909703,29,CRISTOPOLIS
2920452,29,MANSIDAO
2928406,29,SANTA RITA DE CASSIA
2930907,29,TABOCAS DO BREJO VELHO
2933455,29,WANDERLEY
2906105,29,CANAPOLIS
2908101,29,COCOS
2909109,29,CORIBE
2909307,29,CORRENTINA
2917359,29,JABORANDI
2928109,29,SANTA MARIA DA VITORIA
2928208,29,SANTANA
2929057,29,SAO FELIX DO CORIBE
2930303,29,SERRA DOURADA
2905909,29,CAMPO ALEGRE DE LOURDES
2907202,29,CASA NOVA
2909901,29,CURACA
2918407,29,JUAZEIRO
2924405,29,PILAO ARCADO
2926004,29,REMANSO
2930204,29,SENTO SE
2930774,29,SOBRADINHO
2900207,29,ABARE
2907707,29,CHORROCHO
2911402,29,GLORIA
2919900,29,MACURURE
2924009,29,PAULO AFONSO
2927101,29,RODELAS
2902708,29,BARRA
2904753,29,BURITIRAMA
2913200,29,IBOTIRAMA
2915353,29,ITAGUACU DA BAHIA
2921609,29,MORPARA
2922250,29,MUQUEM DE SAO FRANCISCO
2933604,29,XIQUE-XIQUE
2903904,29,BOM JESUS DA LAPA
2907103,29,CARINHANHA
2910776,29,FEIRA DA MATA
2923704,29,PARATINGA
2930154,29,SERRA DO RAMALHO
2930758,29,SITIO DO MATO
2901353,29,ANDORINHA
2901809,29,ANTONIO GONCALVES
2906006,29,CAMPO FORMOSO
2910859,29,FILADELFIA
2917003,29,ITIUBA
2917706,29,JAGUARARI
2924603,29,PINDOBACU
2930105,29,SENHOR DO BONFIM
2932457,29,UMBURANAS
2901155,29,AMERICA DOURADA
2903003,29,BARRA DO MENDES
2903235,29,BARRO ALTO
2905305,29,CAFARNAUM
2906204,29,CANARANA
2907608,29,CENTRAL
2911303,29,GENTIO DO OURO
2912400,29,IBIPEBA
2913101,29,IBITITA
2914406,29,IRAQUARA
2914604,29,IRECE
2918357,29,JOAO DOURADO
2918506,29,JUSSARA
2919157,29,LAPAO
2922052,29,MULUNGU DO MORRO
2925600,29,PRESIDENTE DUTRA
2929255,29,SAO GABRIEL
2930808,29,SOUTO SOARES
2932408,29,UIBAI
2905107,29,CAEM
2905503,29,CALDEIRAO GRANDE
2906873,29,CAPIM GROSSO
2917508,29,JACOBINA
2921203,29,MIGUEL CALMON
2921401,29,MIRANGABA
2921708,29,MORRO DO CHAPEU
2923357,29,OUROLANDIA
2924801,29,PIRITIBA
2925253,29,PONTO NOVO
2925931,29,QUIXABEIRA
2929370,29,SAO JOSE DO JACUIPE
2929800,29,SAUDE
2930600,29,SERROLANDIA
2933109,29,VARZEA DO POCO
2933158,29,VARZEA NOVA
2902609,29,BAIXA GRANDE
2903805,29,BOA VISTA DO TUPIM
2911907,29,IACU
2912608,29,IBIQUERA
2914703,29,ITABERABA
2919009,29,LAJEDINHO
2919603,29,MACAJUBA
2920106,29,MAIRI
2922102,29,MUNDO NOVO
2927200,29,RUY BARBOSA
2931301,29,TAPIRAMUTA
2933059,29,VARZEA DA ROCA
2900405,29,AGUA FRIA
2901502,29,ANGUERA
2901700,29,ANTONIO CARDOSO
2908200,29,CONCEICAO DA FEIRA
2908507,29,CONCEICAO DO JACUIPE
2908903,29,CORACAO DE MARIA
2910305,29,ELISIO MEDRADO
2910800,29,FEIRA DE SANTANA
2913804,29,IPECAETA
2914000,29,IPIRA
2914505,29,IRARA
2916856,29,ITATIM
2923308,29,OURICANGAS
2924108,29,PEDRAO
2924652,29,PINTADAS
2925956,29,RAFAEL JAMBEIRO
2927507,29,SANTA BARBARA
2928307,29,SANTANOPOLIS
2928505,29,SANTA TERESINHA
2928802,29,SANTO ESTEVAO
2929305,29,SAO GONCALO DOS CAMPOS
2930402,29,SERRA PRETA
2931103,29,TANQUINHO
2931400,29,TEODORO SAMPAIO
2909208,29,CORONEL JOAO SA
2918100,29,JEREMOABO
2924207,29,PEDRO ALEXANDRE
2927606,29,SANTA BRIGIDA
2930766,29,SITIO DO QUINTO
2906808,29,CANSANCAO
2906824,29,CANUDOS
2910701,29,EUCLIDES DA CUNHA
2921500,29,MONTE SANTO
2922656,29,NORDESTINA
2925808,29,QUEIMADAS
2925907,29,QUIJINGUE
2931905,29,TUCANO
2932002,29,UAUA
2900355,29,ADUSTINA
2901601,29,ANTAS
2902658,29,BANZAE
2907806,29,CICERO DANTAS
2907905,29,CIPO
2910750,29,FATIMA
2911857,29,HELIOPOLIS
2916500,29,ITAPICURU
2922904,29,NOVA SOURE
2923050,29,NOVO TRIUNFO
2923100,29,OLINDINA
2923803,29,PARIPIRANGA
2926509,29,RIBEIRA DO AMPARO
2926608,29,RIBEIRA DO POMBAL
2902104,29,ARACI
2903276,29,BARROCAS
2903607,29,BIRITINGA
2906402,29,CANDEAL
2906857,29,CAPELA DO ALTO ALEGRE
2908408,29,CONCEICAO DO COITE
2911253,29,GAVIAO
2913309,29,ICHU
2919108,29,LAMARAO
2922730,29,NOVA FATIMA
2924058,29,PE DE SERRA
2926103,29,RETIROLANDIA
2926301,29,RIACHAO DO JACUIPE
2928000,29,SANTALUZ
2928950,29,SAO DOMINGOS
2930501,29,SERRINHA
2931509,29,TEOFILANDIA
2933000,29,VALENTE
2900306,29,ACAJUTIBA
2900702,29,ALAGOINHAS
2901908,29,APORA
2902054,29,ARACAS
2902203,29,ARAMARI
2909604,29,CRISOPOLIS
2913705,29,INHAMBUPE
2927002,29,RIO REAL
2929701,29,SATIRO DIAS
2907004,29,CARDEAL DA SILVA
2908606,29,CONDE
2910503,29,ENTRE RIOS
2910602,29,ESPLANADA
2917904,29,JANDAIRA
2901106,29,AMELIA RODRIGUES
2907509,29,CATU
2915908,29,ITANAGRA
2921005,29,MATA DE SAO JOAO
2925204,29,POJUCA
2929503,29,SAO SEBASTIAO DO PASSE
2931707,29,TERRA NOVA
2902302,29,ARATUIPE
2904852,29,CABACEIRAS DO PARAGUACU
2904902,29,CACHOEIRA
2907301,29,CASTRO ALVES
2908309,29,CONCEICAO DO ALMEIDA
2909802,29,CRUZ DAS ALMAS
2910206,29,DOM MACEDO COSTA
2911600,29,GOVERNADOR MANGABEIRA
2917805,29,JAGUARIPE
2920601,29,MARAGOGIPE
2922201,29,MUNIZ FERREIRA
2922300,29,MURITIBA
2922508,29,NAZARE
2927309,29,SALINAS DA MARGARIDA
2928604,29,SANTO AMARO
2928703,29,SANTO ANTONIO DE JESUS
2929008,29,SAO FELIX
2929107,29,SAO FELIPE
2929602,29,SAPEACU
2929750,29,SAUBARA
2933174,29,VARZEDO
2905701,29,CAMACARI
2906501,29,CANDEIAS
2910057,29,DIAS D'AVILA
2916104,29,ITAPARICA
2919207,29,LAURO DE FREITAS
2919926,29,MADRE DE DEUS
2927408,29,SALVADOR
2929206,29,SAO FRANCISCO DO CONDE
2930709,29,SIMOES FILHO
2933208,29,VERA CRUZ
2904100,29,BOQUIRA
2904209,29,BOTUPORA
2904506,29,BROTAS DE MACAUBAS
2907558,29,CATURAMA
2912509,29,IBIPITANGA
2913002,29,IBITIARA
2914109,29,IPUPIARA
2919801,29,MACAUBAS
2923035,29,NOVO HORIZONTE
2923209,29,OLIVEIRA DOS BREJINHOS
2931053,29,TANQUE NOVO
2900108,29,ABAIRA
2901304,29,ANDARAI
2902807,29,BARRA DA ESTIVA
2904001,29,BONINAL
2904050,29,BONITO
2908804,29,CONTENDAS DO SINCORA
2912202,29,IBICOARA
2915007,29,ITAETE
2918605,29,JUSSIAPE
2919306,29,LENCOIS
2921906,29,MUCUGE
2922854,29,NOVA REDENCAO
2923506,29,PALMEIRAS
2924306,29,PIATA
2926707,29,RIO DE CONTAS
2929909,29,SEABRA
2932804,29,UTINGA
2933406,29,WAGNER
2900603,29,AIQUARA
2901007,29,AMARGOSA
2901957,29,APUAREMA
2904308,29,BREJOES
2909505,29,CRAVOLANDIA
2914208,29,IRAJUBA
2914307,29,IRAMAIA
2915106,29,ITAGI
2916708,29,ITAQUARA
2916906,29,ITIRUCU
2917607,29,JAGUAQUARA
2918001,29,JEQUIE
2918209,29,JIQUIRICA
2918308,29,JITAUNA
2918704,29,LAFAIETE COUTINHO
2918803,29,LAJE
2919058,29,LAJEDO DO TABOCAL
2920502,29,MARACAS
2920809,29,MARCIONILIO SOUZA
2921302,29,MILAGRES
2922409,29,MUTUIPE
2922805,29,NOVA ITARANA
2924900,29,PLANALTINO
2927903,29,SANTA INES
2929404,29,SAO MIGUEL DAS MATAS
2932101,29,UBAIRA
2900504,29,ERICO CARDOSO
2910107,29,DOM BASILIO
2919504,29,LIVRAMENTO DE NOSSA SENHORA
2923605,29,PARAMIRIM
2926905,29,RIO DO PIRES
2905008,29,CACULE
2905206,29,CAETITE
2906600,29,CANDIBA
2911709,29,GUANAMBI
2912004,29,IBIASSUCE
2913408,29,IGAPORA
2917334,29,IUIU
2917409,29,JACARACI
2918753,29,LAGOA REAL
2919405,29,LICINIO DE ALMEIDA
2920205,29,MALHADA
2921054,29,MATINA
2921807,29,MORTUGABA
2923407,29,PALMAS DE MONTE ALTO
2924504,29,PINDAI
2926400,29,RIACHO DE SANTANA
2930006,29,SEBASTIAO LARANJEIRAS
2932606,29,URANDI
2902005,29,ARACATU
2904605,29,BRUMADO
2906899,29,CARAIBAS
2908705,29,CONDEUBA
2909000,29,CORDEIROS
2911659,29,GUAJERU
2917201,29,ITUACU
2919959,29,MAETINGA
2920304,29,MALHADA DE PEDRAS
2924702,29,PIRIPA
2925709,29,PRESIDENTE JANIO QUADROS
2926806,29,RIO DO ANTONIO
2931004,29,TANHACU
2931806,29,TREMEDAL
2901205,29,ANAGE
2902906,29,BARRA DO CHOCA
2903508,29,BELO CAMPO
2903706,29,BOA NOVA
2903953,29,BOM JESUS DA SERRA
2904803,29,CAATIBA
2905156,29,CAETANOS
2906709,29,CANDIDO SALES
2910008,29,DARIO MEIRA
2912301,29,IBICUI
2913507,29,IGUAI
2920403,29,MANOEL VITORINO
2921450,29,MIRANTE
2922706,29,NOVA CANAA
2925006,29,PLANALTO
2925105,29,POCOES
2933307,29,VITORIA DA CONQUISTA
2910404,29,ENCRUZILHADA
2915809,29,ITAMBE
2916401,29,ITAPETINGA
2916807,29,ITARANTIM
2917102,29,ITORORO
2919702,29,MACARANI
2920007,29,MAIQUINIQUE
2925402,29,POTIRAGUA
2926657,29,RIBEIRAO DO LARGO
2905404,29,CAIRU
2905800,29,CAMAMU
2913457,29,IGRAPIUNA
2917300,29,ITUBERA
2920700,29,MARAU
2922607,29,NILO PECANHA
2924678,29,PIRAI DO NORTE
2925758,29,PRESIDENTE TANCREDO NEVES
2931202,29,TAPEROA
2932903,29,VALENCA
2900900,29,ALMADINA
2902252,29,ARATACA
2902401,29,AURELINO LEAL
2903102,29,BARRA DO ROCHA
2903300,29,BARRO PRETO
2903409,29,BELMONTE
2904704,29,BUERAREMA
2905602,29,CAMACAN
2906303,29,CANAVIEIRAS
2908002,29,COARACI
2910909,29,FIRMINO ALVES
2911006,29,FLORESTA AZUL
2911204,29,GANDU
2911501,29,GONGOGI
2912103,29,IBICARAI
2912707,29,IBIRAPITANGA
2912905,29,IBIRATAIA
2913606,29,ILHEUS
2913903,29,IPIAU
2914802,29,ITABUNA
2914901,29,ITACARE
2915205,29,ITAGIBA
2915403,29,ITAJU DO COLONIA
2915502,29,ITAJUIPE
2915700,29,ITAMARI
2916203,29,ITAPE
2916302,29,ITAPEBI
2916609,29,ITAPITANGA
2918555,29,JUSSARI
2920908,29,MASCOTE
2922755,29,NOVA IBIA
2923902,29,PAU BRASIL
2927804,29,SANTA CRUZ DA VITORIA
2928059,29,SANTA LUZIA
2929354,29,SAO JOSE DA VITORIA
2931608,29,TEOLANDIA
2932200,29,UBAITABA
2932309,29,UBATA
2932507,29,UNA
2932705,29,URUCUCA
2933505,29,WENCESLAU GUIMARAES
2900801,29,ALCOBACA
2906907,29,CARAVELAS
2910727,29,EUNAPOLIS
2911808,29,GUARATINGA
2912806,29,IBIRAPUA
2914653,29,ITABELA
2915304,29,ITAGIMIRIM
2915601,29,ITAMARAJU
2916005,29,ITANHEM
2918456,29,JUCURUCU
2918902,29,LAJEDAO
2921104,29,MEDEIROS NETO
2922003,29,MUCURI
2923001,29,NOVA VICOSA
2925303,29,PORTO SEGURO
2925501,29,PRADO
2927705,29,SANTA CRUZ CABRALIA
2931350,29,TEIXEIRA DE FREITAS
2933257,29,VEREDA
3104502,31,ARINOS
3108206,31,BONFINOPOLIS DE MINAS
3109303,31,BURITIS
3109451,31,CABECEIRA GRANDE
3122470,31,DOM BOSCO
3126208,31,FORMOSO
3144375,31,NATALANDIA
3170404,31,UNAI
3170479,31,URUANA DE MINAS
3108552,31,BRASILANDIA DE MINAS
3128600,31,GUARDA-MOR
3136306,31,JOAO PINHEIRO
3137106,31,LAGAMAR
3137536,31,LAGOA GRANDE
3147006,31,PARACATU
3153400,31,PRESIDENTE OLEGARIO
3161700,31,SAO GONCALO DO ABAETE
3170750,31,VARJAO DE MINAS
3171006,31,VAZANTE
3108255,31,BONITO DE MINAS
3116159,31,CHAPADA GAUCHA
3117836,31,CONEGO MARINHO
3130051,31,ICARAI DE MINAS
3132107,31,ITACARAMBI
3135209,31,JANUARIA
3136959,31,JUVENILIA
3139300,31,MANGA
3140852,31,MATIAS CARDOSO
3142254,31,MIRAVANIA
3142700,31,MONTALVANIA
3149150,31,PEDRAS DE MARIA DA CRUZ
3150570,31,PINTOPOLIS
3161106,31,SAO FRANCISCO
3162450,31,SAO JOAO DAS MISSOES
3170529,31,URUCUIA
3115474,31,CATUTI
3124302,31,ESPINOSA
3127339,31,GAMELEIRAS
3135050,31,JAIBA
3135100,31,JANAUBA
3139250,31,MAMONAS
3141009,31,MATO VERDE
3142908,31,MONTE AZUL
3145059,31,NOVA PORTEIRINHA
3146552,31,PAI PEDRO
3152204,31,PORTEIRINHA
3154507,31,RIACHO DOS MACHADOS
3166956,31,SERRANOPOLIS DE MINAS
3101003,31,AGUAS VERMELHAS
3106655,31,BERIZAL
3120870,31,CURRAL DE DENTRO
3122355,31,DIVISA ALEGRE
3127073,31,FRUTA DE LEITE
3130655,31,INDAIABIRA
3143450,31,MONTEZUMA
3144656,31,NINHEIRA
3145372,31,NOVORIZONTE
3155603,31,RIO PARDO DE MINAS
3156502,31,RUBELITA
3157005,31,SALINAS
3157377,31,SANTA CRUZ DE SALINAS
3160454,31,SANTO ANTONIO DO RETIRO
3162708,31,SAO JOAO DO PARAISO
3168002,31,TAIOBEIRAS
3170651,31,VARGEM GRANDE DO RIO PARDO
3109402,31,BURITIZEIRO
3129608,31,IBIAI
3135605,31,JEQUITAI
3137304,31,LAGOA DOS PATOS
3138104,31,LASSANCE
3151206,31,PIRAPORA
3154457,31,RIACHINHO
3157609,31,SANTA FE DE MINAS
3164209,31,SAO ROMAO
3170800,31,VARZEA DA PALMA
3108602,31,BRASILIA DE MINAS
3111150,31,CAMPO AZUL
3112703,31,CAPITAO ENEAS
3116506,31,CLARO DOS POCOES
3118809,31,CORACAO DE JESUS
3126703,31,FRANCISCO SA
3127354,31,GLAUCILANDIA
3129657,31,IBIRACATU
3135357,31,JAPONVAR
3136801,31,JURAMENTO
3138658,31,LONTRA
3138682,31,LUISLANDIA
3142007,31,MIRABELA
3143302,31,MONTES CLAROS
3147956,31,PATIS
3152131,31,PONTO CHIQUE
3162252,31,SAO JOAO DA LAGOA
3162401,31,SAO JOAO DA PONTE
3162658,31,SAO JOAO DO PACUI
3170008,31,UBAI
3170909,31,VARZELANDIA
3171030,31,VERDELANDIA
3108503,31,BOTUMIRIM
3120300,31,CRISTALIA
3127800,31,GRAO MOGOL
3132008,31,ITACAMBIRA
3136579,31,JOSENOPOLIS
3146255,31,PADRE CARVALHO
3107307,31,BOCAIUVA
3123809,31,ENGENHEIRO NAVARRO
3126604,31,FRANCISCO DUMONT
3128253,31,GUARACIAMA
3145455,31,OLHOS-D'AGUA
3120102,31,COUTO DE MAGALHAES DE MINAS
3121001,31,DATAS
3121605,31,DIAMANTINA
3125408,31,FELICIO DOS SANTOS
3125507,31,SAO GONCALO DO RIO PRETO
3127602,31,GOUVEIA
3153301,31,PRESIDENTE KUBITSCHEK
3165909,31,SENADOR MODESTINO GONCALVES
3102852,31,ANGELANDIA
3104452,31,ARICANDUVA
3106507,31,BERILO
3112307,31,CAPELINHA
3113503,31,CARBONITA
3116100,31,CHAPADA DO NORTE
3126505,31,FRANCISCO BADARO
3132503,31,ITAMARANDIBA
3135456,31,JENIPAPO DE MINAS
3136520,31,JOSE GONCALVES DE MINAS
3138351,31,LEME DO PRADO
3141801,31,MINAS NOVAS
3169703,31,TURMALINA
3171071,31,VEREDINHA
3103405,31,ARACUAI
3113008,31,CARAI
3119500,31,CORONEL MURTA
3134004,31,ITINGA
3145307,31,NOVO CRUZEIRO
3146305,31,PADRE PARAISO
3152170,31,PONTO DOS VOLANTES
3171600,31,VIRGEM DA LAPA
3102704,31,CACHOEIRA DE PAJEU
3117009,31,COMERCINHO
3133303,31,ITAOBIM
3141405,31,MEDINA
3148707,31,PEDRA AZUL
3101706,31,ALMENARA
3105202,31,BANDEIRA
3122454,31,DIVISOPOLIS
3125606,31,FELISBURGO
3134707,31,JACINTO
3135803,31,JEQUITINHONHA
3136009,31,JOAIMA
3136504,31,JORDANIA
3140555,31,MATA VERDE
3143153,31,MONTE FORMOSO
3146750,31,PALMOPOLIS
3155108,31,RIO DO PRADO
3156601,31,RUBIM
3157104,31,SALTO DA DIVISA
3158102,31,SANTA MARIA DO SALTO
3160306,31,SANTO ANTONIO DO JACINTO
3104700,31,ATALEIA
3115458,31,CATUJI
3126752,31,FRANCISCOPOLIS
3126802,31,FREI GASPAR
3132305,31,ITAIPE
3137007,31,LADAINHA
3139201,31,MALACACHETA
3145356,31,NOVO ORIENTE DE MINAS
3146206,31,OURO VERDE DE MINAS
3148509,31,PAVAO
3152402,31,POTE
3165552,31,SETUBINHA
3168606,31,TEOFILO OTONI
3100906,31,AGUAS FORMOSAS
3106606,31,BERTOPOLIS
3113701,31,CARLOS CHAGAS
3120151,31,CRISOLITA
3127057,31,FRONTEIRA DOS VALES
3138906,31,MACHACALIS
3144300,31,NANUQUE
3157658,31,SANTA HELENA DE MINAS
3166709,31,SERRA DOS AIMORES
3170305,31,UMBURATIBA
3109808,31,CACHOEIRA DOURADA
3112604,31,CAPINOPOLIS
3129103,31,GURINHATA
3131406,31,IPIACU
3134202,31,ITUIUTABA
3159803,31,SANTA VITORIA
3103504,31,ARAGUARI
3103751,31,ARAPORA
3111804,31,CANAPOLIS
3115003,31,CASCALHO RICO
3115805,31,CENTRALINA
3130705,31,INDIANOPOLIS
3142809,31,MONTE ALEGRE DE MINAS
3152808,31,PRATA
3169604,31,TUPACIGUARA
3170206,31,UBERLANDIA
3100104,31,ABADIA DOS DOURADOS
3119302,31,COROMANDEL
3120706,31,CRUZEIRO DA FORTALEZA
3123502,31,DOURADOQUARA
3124807,31,ESTRELA DO SUL
3127909,31,GRUPIARA
3131604,31,IRAI DE MINAS
3143104,31,MONTE CARMELO
3148103,31,PATROCINIO
3156403,31,ROMARIA
3166808,31,SERRA DO SALITRE
2206704,22,NAZARE DO PIAUI
3114303,31,CARMO DO PARANAIBA
3128907,31,GUIMARANIA
3137502,31,LAGOA FORMOSA
3141207,31,MATUTINA
3148004,31,PATOS DE MINAS
3155504,31,RIO PARANAIBA
3159704,31,SANTA ROSA DA SERRA
3162104,31,SAO GOTARDO
3168903,31,TIROS
3111101,31,CAMPINA VERDE
3114550,31,CARNEIRINHO
3116902,31,COMENDADOR GOMES
3127008,31,FRONTEIRA
3127107,31,FRUTAL
3133402,31,ITAPAGIPE
3134400,31,ITURAMA
3138625,31,LIMEIRA DO OESTE
3150703,31,PIRAJUBA
3151602,31,PLANURA
3161304,31,SAO FRANCISCO DE SALES
3170438,31,UNIAO DE MINAS
3100708,31,AGUA COMPRIDA
3111408,31,CAMPO FLORIDO
3117306,31,CONCEICAO DAS ALAGOAS
3118205,31,CONQUISTA
3121258,31,DELTA
3170107,31,UBERABA
3171105,31,VERISSIMO
3104007,31,ARAXA
3111507,31,CAMPOS ALTOS
3129509,31,IBIA
3145000,31,NOVA PONTE
3149200,31,PEDRINOPOLIS
3149804,31,PERDIZES
3153004,31,PRATINHA
3156908,31,SACRAMENTO
3157708,31,SANTA JULIANA
3168101,31,TAPIRA
3100203,31,ABAETE
3107000,31,BIQUINHAS
3115607,31,CEDRO DO ABAETE
3143500,31,MORADA NOVA DE MINAS
3146404,31,PAINEIRAS
3152006,31,POMPEU
3169356,31,TRES MARIAS
3104809,31,AUGUSTO DE LIMA
3109204,31,BUENOPOLIS
3119104,31,CORINTO
3120904,31,CURVELO
3125705,31,FELIXLANDIA
3131109,31,INIMUTABA
3136405,31,JOAQUIM FELICIO
3142502,31,MONJOLOS
3143609,31,MORRO DA GARCA
3153202,31,PRESIDENTE JUSCELINO
3160603,31,SANTO HIPOLITO
3103900,31,ARAUJOS
3107406,31,BOM DESPACHO
3123205,31,DORES DO INDAIA
3124708,31,ESTRELA DO INDAIA
3135308,31,JAPARAIBA
3137205,31,LAGOA DA PRATA
3138302,31,LEANDRO FERREIRA
3138807,31,LUZ
3140506,31,MARTINHO CAMPOS
3142403,31,MOEMA
3153707,31,QUARTEL GERAL
3166600,31,SERRA DA SAUDADE
3103207,31,ARACAI
3105004,31,BALDIM
3109600,31,CACHOEIRA DA PRATA
3109907,31,CAETANOPOLIS
3112505,31,CAPIM BRANCO
3118908,31,CORDISBURGO
3126406,31,FORTUNA DE MINAS
3127206,31,FUNILANDIA
3131000,31,INHAUMA
3134608,31,JABOTICATUBAS
3135704,31,JEQUITIBA
3139706,31,MARAVILHAS
3141108,31,MATOZINHOS
3146909,31,PAPAGAIOS
3147402,31,PARAOPEBA
3149606,31,PEQUI
3153608,31,PRUDENTE DE MORAIS
3158508,31,SANTANA DE PIRAPAMA
3159001,31,SANTANA DO RIACHO
3167202,31,SETE LAGOAS
3102407,31,ALVORADA DE MINAS
3117504,31,CONCEICAO DO MATO DENTRO
3118106,31,CONGONHAS DO NORTE
3122603,31,DOM JOAQUIM
3132800,31,ITAMBE DO MATO DENTRO
3143708,31,MORRO DO PILAR
3147501,31,PASSABEM
3156007,31,RIO VERMELHO
3160207,31,SANTO ANTONIO DO ITAMBE
3160504,31,SANTO ANTONIO DO RIO ABAIXO
3164803,31,SAO SEBASTIAO DO RIO PRETO
3166501,31,SERRA AZUL DE MINAS
3167103,31,SERRO
3126000,31,FLORESTAL
3145802,31,ONCA DE PITANGUI
3147105,31,PARA DE MINAS
3151404,31,PITANGUI
3163102,31,SAO JOSE DA VARGINHA
3106200,31,BELO HORIZONTE
3106705,31,BETIM
3109006,31,BRUMADINHO
3110004,31,CAETE
3117876,31,CONFINS
3118601,31,CONTAGEM
3124104,31,ESMERALDAS
3129806,31,IBIRITE
3130101,31,IGARAPE
3136652,31,JUATUBA
3137601,31,LAGOA SANTA
3140159,31,MARIO CAMPOS
3140704,31,MATEUS LEME
3144805,31,NOVA LIMA
3149309,31,PEDRO LEOPOLDO
3153905,31,RAPOSOS
3154606,31,RIBEIRAO DAS NEVES
3154804,31,RIO ACIMA
3156700,31,SABARA
3157807,31,SANTA LUZIA
3162922,31,SAO JOAQUIM DE BICAS
3162955,31,SAO JOSE DA LAPA
3165537,31,SARZEDO
3171204,31,VESPASIANO
3102308,31,ALVINOPOLIS
3105400,31,BARAO DE COCAIS
3106002,31,BELA VISTA DE MINAS
3107703,31,BOM JESUS DO AMPARO
3115359,31,CATAS ALTAS
3121803,31,DIONISIO
3125903,31,FERROS
3131703,31,ITABIRA
3136207,31,JOAO MONLEVADE
3136603,31,NOVA UNIAO
3144706,31,NOVA ERA
3155702,31,RIO PIRACICABA
3157203,31,SANTA BARBARA
3158003,31,SANTA MARIA DE ITABIRA
3161007,31,SAO DOMINGOS DO PRATA
3161908,31,SAO GONCALO DO RIO ABAIXO
3163409,31,SAO JOSE DO GOIABAL
3168309,31,TAQUARACU DE MINAS
3106408,31,BELO VALE
3108107,31,BONFIM
3120607,31,CRUCILANDIA
3132206,31,ITAGUARA
3133709,31,ITATIAIUCU
3135407,31,JECEABA
3142304,31,MOEDA
3150406,31,PIEDADE DOS GERAIS
3155306,31,RIO MANSO
3121704,31,DIOGO DE VASCONCELOS
3131901,31,ITABIRITO
3140001,31,MARIANA
3146107,31,OURO PRETO
3114907,31,CASA GRANDE
3115409,31,CATAS ALTAS DA NORUEGA
3118007,31,CONGONHAS
3118304,31,CONSELHEIRO LAFAIETE
3120409,31,CRISTIANO OTONI
3121407,31,DESTERRO DE ENTRE RIOS
3123908,31,ENTRE RIOS DE MINAS
3133907,31,ITAVERAVA
3145901,31,OURO BRANCO
3153806,31,QUELUZITO
3159100,31,SANTANA DOS MONTES
3160900,31,SAO BRAS DO SUACUI
3108800,31,BRAUNAS
3113800,31,CARMESIA
3116803,31,COLUNA
3122207,31,DIVINOLANDIA DE MINAS
3123106,31,DORES DE GUANHAES
3127503,31,GONZAGA
3128006,31,GUANHAES
3140605,31,MATERLANDIA
3148400,31,PAULISTAS
3156809,31,SABINOPOLIS
3157500,31,SANTA EFIGENIA DE MINAS
3162807,31,SAO JOAO EVANGELISTA
3165503,31,SARDOA
3166105,31,SENHORA DO PORTO
3171808,31,VIRGINOPOLIS
3100609,31,AGUA BOA
3112059,31,CANTAGALO
3126950,31,FREI LAGONEGRO
3136553,31,JOSE RAYDAN
3148608,31,PECANHA
3158201,31,SANTA MARIA DO SUACUI
3163508,31,SAO JOSE DO JACURI
3164100,31,SAO PEDRO DO SUACUI
3164506,31,SAO SEBASTIAO DO MARANHAO
3101805,31,ALPERCATA
3110806,31,CAMPANARIO
3112653,31,CAPITAO ANDRADE
3119203,31,COROACI
3122108,31,DIVINO DAS LARANJEIRAS
3123700,31,ENGENHEIRO CALDAS
3125804,31,FERNANDES TOURINHO
3126901,31,FREI INOCENCIO
3127305,31,GALILEIA
3127701,31,GOVERNADOR VALADARES
3132701,31,ITAMBACURI
3133204,31,ITANHOMI
3135076,31,JAMPRUCA
3140100,31,MARILAC
3144201,31,NACIP RAYDAN
3144904,31,NOVA MODICA
3150000,31,PESCADOR
3161601,31,SAO GERALDO DA PIEDADE
3161650,31,SAO GERALDO DO BAIXIO
3163003,31,SAO JOSE DA SAFIRA
3163300,31,SAO JOSE DO DIVINO
3167707,31,SOBRALIA
3169505,31,TUMIRITINGA
3171501,31,MATHIAS LOBATO
3171907,31,VIRGOLANDIA
3115706,31,CENTRAL DE MINAS
3131802,31,ITABIRINHA
3139607,31,MANTENA
3141504,31,MENDES PIMENTEL
3144672,31,NOVA BELEM
3161056,31,SAO FELIX DE MINAS
3162575,31,SAO JOAO DO MANTENINHA
3100500,31,ACUCENA
3103009,31,ANTONIO DIAS
3106309,31,BELO ORIENTE
3119401,31,CORONEL FABRICIANO
3131307,31,IPATINGA
3135001,31,JAGUARACU
3136108,31,JOANESIA
3140308,31,MARLIERIA
3141702,31,MESQUITA
3144359,31,NAQUE
3149952,31,PERIQUITO
3158953,31,SANTANA DO PARAISO
3168705,31,TIMOTEO
3107802,31,BOM JESUS DO GALHO
3109253,31,BUGRE
3113404,31,CARATINGA
3120003,31,CORREGO NOVO
3122504,31,DOM CAVATI
3123858,31,ENTRE FOLHAS
3129301,31,IAPU
3130556,31,IMBE DE MINAS
3130903,31,INHAPIM
3131158,31,IPABA
3150158,31,PIEDADE DE CARATINGA
3150539,31,PINGO-D'AGUA
3157252,31,SANTA BARBARA DO LESTE
3159357,31,SANTA RITA DE MINAS
3160959,31,SAO DOMINGOS DAS DORES
3162609,31,SAO JOAO DO ORIENTE
3164472,31,SAO SEBASTIAO DO ANTA
3168408,31,TARUMIRIM
3170057,31,UBAPORANGA
3170578,31,VARGEM ALEGRE
3101102,31,AIMORES
3102209,31,ALVARENGA
3117405,31,CONCEICAO DE IPANEMA
3118403,31,CONSELHEIRO PENA
3120839,31,CUPARAQUE
3127370,31,GOIABEIRA
3131208,31,IPANEMA
3134103,31,ITUETA
3144003,31,MUTUM
3151909,31,POCRANE
3154309,31,RESPLENDOR
3159506,31,SANTA RITA DO ITUETO
3168051,31,TAPARUBA
3105103,31,BAMBUI
3119807,31,CORREGO DANTA
3123403,31,DORESOPOLIS
3130309,31,IGUATAMA
3141306,31,MEDEIROS
3151503,31,PIUMHI
3164308,31,SAO ROQUE DE MINAS
3168200,31,TAPIRAI
3170602,31,VARGEM BONITA
3114204,31,CARMO DO CAJURU
3116605,31,CLAUDIO
3117603,31,CONCEICAO DO PARA
3122306,31,DIVINOPOLIS
3130200,31,IGARATINGA
3133808,31,ITAUNA
3145208,31,NOVA SERRANA
3149705,31,PERDIGAO
3160405,31,SANTO ANTONIO DO MONTE
3161809,31,SAO GONCALO DO PARA
3164605,31,SAO SEBASTIAO DO OESTE
3104205,31,ARCOS
3110400,31,CAMACHO
3119955,31,CORREGO FUNDO
3126109,31,FORMIGA
3133501,31,ITAPECERICA
3146503,31,PAINS
3148905,31,PEDRA DO INDAIA
3150505,31,PIMENTA
3100807,31,AGUANIL
3111200,31,CAMPO BELO
3111903,31,CANA VERDE
3112000,31,CANDEIAS
3120201,31,CRISTAIS
3149903,31,PERDOES
3158805,31,SANTANA DO JACARE
3108008,31,BOM SUCESSO
3114006,31,CARMO DA MATA
3114501,31,CARMOPOLIS DE MINAS
3130002,31,IBITURUNA
3145604,31,OLIVEIRA
3147709,31,PASSA TEMPO
3150604,31,PIRACEMA
3159902,31,SANTO ANTONIO DO AMPARO
3161205,31,SAO FRANCISCO DE PAULA
3101904,31,ALPINOPOLIS
3107604,31,BOM JESUS DA PENHA
3112406,31,CAPETINGA
3112802,31,CAPITOLIO
3115102,31,CASSIA
3116407,31,CLARAVAL
3121209,31,DELFINOPOLIS
3126307,31,FORTALEZA DE MINAS
3129707,31,IBIRACI
3133758,31,ITAU DE MINAS
3147907,31,PASSOS
3152907,31,PRATAPOLIS
3162203,31,SAO JOAO BATISTA DO GLORIA
3162948,31,SAO JOSE DA BARRA
3104106,31,ARCEBURGO
3109501,31,CABO VERDE
3128303,31,GUARANESIA
3128709,31,GUAXUPE
3132909,31,ITAMOGI
3134806,31,JACUI
3136900,31,JURUAIA
3143005,31,MONTE BELO
3143203,31,MONTE SANTO DE MINAS
3144102,31,MUZAMBINHO
3145109,31,NOVA RESENDE
3163904,31,SAO PEDRO DA UNIAO
3164704,31,SAO SEBASTIAO DO PARAISO
3165107,31,SAO TOMAS DE AQUINO
3101607,31,ALFENAS
3102001,31,ALTEROSA
3104304,31,AREADO
3114402,31,CARMO DO RIO CLARO
3114709,31,CARVALHOPOLIS
3117108,31,CONCEICAO DA APARECIDA
3122405,31,DIVISA NOVA
3125200,31,FAMA
3139003,31,MACHADO
3147204,31,PARAGUACU
3151701,31,POCO FUNDO
3166907,31,SERRANIA
3107109,31,BOA ESPERANCA
3110905,31,CAMPANHA
3111309,31,CAMPO DO MEIO
3111606,31,CAMPOS GERAIS
3113909,31,CARMO DA CACHOEIRA
3118700,31,COQUEIRAL
3123601,31,ELOI MENDES
3128105,31,GUAPE
3130507,31,ILICINEA
3142601,31,MONSENHOR PAULO
3158300,31,SANTANA DA VARGEM
3160801,31,SAO BENTO ABADE
3165206,31,SAO THOME DAS LETRAS
3169307,31,TRES CORACOES
3169406,31,TRES PONTAS
3170701,31,VARGINHA
3101409,31,ALBERTINA
3102605,31,ANDRADAS
3105301,31,BANDEIRA DO SUL
3108404,31,BOTELHOS
3110301,31,CALDAS
3111002,31,CAMPESTRE
3129905,31,IBITIURA DE MINAS
3130606,31,INCONFIDENTES
3134905,31,JACUTINGA
3143401,31,MONTE SIAO
3146008,31,OURO FINO
3151800,31,POCOS DE CALDAS
3159209,31,SANTA RITA DE CALDAS
3107901,31,BOM REPOUSO
3108305,31,BORDA DA MATA
3109105,31,BUENO BRANDAO
3110509,31,CAMANDUCAIA
3110608,31,CAMBUI
3117900,31,CONGONHAL
3119906,31,CORREGO DO BOM JESUS
3124401,31,ESPIRITO SANTO DO DOURADO
3124500,31,ESTIVA
3125101,31,EXTREMA
3127404,31,GONCALVES
3131505,31,IPUIUNA
3133600,31,ITAPEVA
3143807,31,MUNHOZ
3152501,31,POUSO ALEGRE
3165404,31,SAPUCAI-MIRIM
3165578,31,SENADOR AMARAL
3165800,31,SENADOR JOSE BENTO
3169059,31,TOCOS DO MOJI
3169109,31,TOLEDO
3109709,31,CACHOEIRA DE MINAS
3113602,31,CAREACU
3117207,31,CONCEICAO DAS PEDRAS
3117801,31,CONCEICAO DOS OUROS
3119005,31,CORDISLANDIA
3129202,31,HELIODORA
3144409,31,NATERCIA
3149101,31,PEDRALVA
3159605,31,SANTA RITA DO SAPUCAI
3162005,31,SAO GONCALO DO SAPUCAI
3162302,31,SAO JOAO DA MATA
3163201,31,SAO JOSE DO ALEGRE
3164407,31,SAO SEBASTIAO DA BELA VISTA
3167400,31,SILVIANOPOLIS
3169802,31,TURVOLANDIA
3101300,31,ALAGOA
3104908,31,BAEPENDI
3110707,31,CAMBUQUIRA
3114105,31,CARMO DE MINAS
3115508,31,CAXAMBU
3117702,31,CONCEICAO DO RIO VERDE
3133006,31,ITAMONTE
3133105,31,ITANHANDU
3135902,31,JESUANIA
3137809,31,LAMBARI
3145505,31,OLIMPIO NORONHA
3147600,31,PASSA QUATRO
3152600,31,POUSO ALTO
3163706,31,SAO LOURENCO
3164902,31,SAO SEBASTIAO DO RIO VERDE
3167806,31,SOLEDADE DE MINAS
3101201,31,AIURUOCA
3102803,31,ANDRELANDIA
3103603,31,ARANTINA
3107208,31,BOCAINA DE MINAS
3107505,31,BOM JARDIM DE MINAS
3114808,31,CARVALHOS
3120805,31,CRUZILIA
3138500,31,LIBERDADE
3141900,31,MINDURI
3147808,31,PASSA-VINTE
3165305,31,SAO VICENTE DE MINAS
3166402,31,SERITINGA
3167004,31,SERRANOS
3108909,31,BRASOPOLIS
3118502,31,CONSOLACAO
3120508,31,CRISTINA
3121100,31,DELFIM MOREIRA
3122801,31,DOM VICOSO
3132404,31,ITAJUBA
3139904,31,MARIA DA FE
3140407,31,MARMELOPOLIS
3147303,31,PARAISOPOLIS
3150901,31,PIRANGUCU
3151008,31,PIRANGUINHO
3171709,31,VIRGINIA
3172202,31,WENCESLAU BRAZ
3114600,31,CARRANCAS
3130408,31,IJACI
3130804,31,INGAI
3134301,31,ITUMIRIM
3134509,31,ITUTINGA
3138203,31,LAVRAS
3138708,31,LUMINARIAS
3144607,31,NEPOMUCENO
3154705,31,RIBEIRAO VERMELHO
3115201,31,CONCEICAO DA BARRA DE MINAS
3119708,31,CORONEL XAVIER CHAVES
3123007,31,DORES DE CAMPOS
3137403,31,LAGOA DOURADA
3139102,31,MADRE DE DEUS DE MINAS
3144508,31,NAZARENO
3150307,31,PIEDADE DO RIO GRANDE
3152709,31,PRADOS
3154200,31,RESENDE COSTA
3156106,31,RITAPOLIS
3157336,31,SANTA CRUZ DE MINAS
3158706,31,SANTANA DO GARAMBEU
3162500,31,SAO JOAO DEL REI
3165008,31,SAO TIAGO
3168804,31,TIRADENTES
3101631,31,ALFREDO VASCONCELOS
3102902,31,ANTONIO CARLOS
3105608,31,BARBACENA
3105905,31,BARROSO
3112208,31,CAPELA NOVA
3113107,31,CARANAIBA
3113206,31,CARANDAI
3121506,31,DESTERRO DO MELO
3129400,31,IBERTIOGA
3154408,31,RESSAQUINHA
3157302,31,SANTA BARBARA DO TUGURIO
3166204,31,SENHORA DOS REMEDIOS
3100401,31,ACAIACA
3105707,31,BARRA LONGA
3122702,31,DOM SILVERIO
3128204,31,GUARACIABA
3135506,31,JEQUERI
3145851,31,ORATORIOS
3150208,31,PIEDADE DE PONTE NOVA
3152105,31,PONTE NOVA
3154002,31,RAUL SOARES
3154903,31,RIO CASCA
3155009,31,RIO DOCE
3157401,31,SANTA CRUZ DO ESCALVADO
3160108,31,SANTO ANTONIO DO GRAMA
3164001,31,SAO PEDRO DOS FERROS
3165560,31,SEM-PEIXE
3166303,31,SERICITA
3170503,31,URUCANIA
3171154,31,VERMELHO NOVO
3100302,31,ABRE CAMPO
3102050,31,ALTO CAPARAO
3112109,31,CAPARAO
3112901,31,CAPUTIRA
3116001,31,CHALE
3123528,31,DURANDE
3137700,31,LAJINHA
3138674,31,LUISBURGO
3139409,31,MANHUACU
3139508,31,MANHUMIRIM
3140530,31,MARTINS SOARES
3140902,31,MATIPO
3148756,31,PEDRA BONITA
3153509,31,ALTO JEQUITIBA
3154150,31,REDUTO
3157906,31,SANTA MARGARIDA
3158904,31,SANTANA DO MANHUACU
3162559,31,SAO JOAO DO MANHUACU
3163607,31,SAO JOSE DO MANTIMENTO
3167608,31,SIMONESIA
3102100,31,ALTO RIO DOCE
3102506,31,AMPARO DO SERRA
3103702,31,ARAPONGA
3108701,31,BRAS PIRES
3110202,31,CAJURI
3111705,31,CANAA
3116308,31,CIPOTANEA
3116704,31,COIMBRA
3124005,31,ERVALIA
3137908,31,LAMIM
3148301,31,PAULA CANDIDO
3148806,31,PEDRA DO ANTA
3150802,31,PIRANGA
3152303,31,PORTO FIRME
3153103,31,PRESIDENTE BERNARDES
3155207,31,RIO ESPERA
3163805,31,SAO MIGUEL DO ANTA
3166006,31,SENHORA DE OLIVEIRA
3168507,31,TEIXEIRAS
3171303,31,VICOSA
3103108,31,ANTONIO PRADO DE MINAS
3105509,31,BARAO DE MONTE ALTO
3110103,31,CAIANA
3113305,31,CARANGOLA
3122009,31,DIVINO
3124203,31,ESPERA FELIZ
3124906,31,EUGENOPOLIS
3125309,31,FARIA LEMOS
3125952,31,FERVEDOURO
3142106,31,MIRADOURO
3142205,31,MIRAI
3143906,31,MURIAE
3145877,31,ORIZANIA
3148202,31,PATROCINIO DO MURIAE
3149002,31,PEDRA DOURADA
3156452,31,ROSARIO DA LIMEIRA
3161403,31,SAO FRANCISCO DO GLORIA
3164431,31,SAO SEBASTIAO DA VARGEM ALEGRE
3169208,31,TOMBOS
3171402,31,VIEIRAS
3104601,31,ASTOLFO DUTRA
3121902,31,DIVINESIA
3123304,31,DORES DO TURVO
3128402,31,GUARANI
3128808,31,GUIDOVAL
3129004,31,GUIRICEMA
3141603,31,MERCES
3151305,31,PIRAUBA
3155801,31,RIO POMBA
3156304,31,RODEIRO
3161502,31,SAO GERALDO
3165701,31,SENADOR FIRMINO
3167301,31,SILVEIRANIA
3167905,31,TABULEIRO
3169000,31,TOCANTINS
3169901,31,UBA
3172004,31,VISCONDE DO RIO BRANCO
3103306,31,ARACITABA
3106101,31,BELMIRO BRAGA
3106804,31,BIAS FORTES
3106903,31,BICAS
3115904,31,CHACARA
3116209,31,CHIADOR
3119609,31,CORONEL PACHECO
3121308,31,DESCOBERTO
3125002,31,EWBANK DA CAMARA
3127388,31,GOIANA
3128501,31,GUARARA
3136702,31,JUIZ DE FORA
3138609,31,LIMA DUARTE
3139805,31,MAR DE ESPANHA
3140209,31,MARIPA DE MINAS
3140803,31,MATIAS BARBOSA
3145406,31,OLARIA
3145703,31,OLIVEIRA FORTES
3146602,31,PAIVA
3149408,31,PEDRO TEIXEIRA
3149507,31,PEQUERI
3150109,31,PIAU
3155405,31,RIO NOVO
3155900,31,RIO PRETO
3156205,31,ROCHEDO DE MINAS
3157278,31,SANTA BARBARA DO MONTE VERDE
3158607,31,SANTANA DO DESERTO
3159308,31,SANTA RITA DE JACUTINGA
3159407,31,SANTA RITA DE IBITIPOCA
3160702,31,SANTOS DUMONT
3162906,31,SAO JOAO NEPOMUCENO
3165602,31,SENADOR CORTES
3167509,31,SIMAO PEREIRA
3101508,31,ALEM PARAIBA
3104403,31,ARGIRITA
3115300,31,CATAGUASES
3122900,31,DONA EUSEBIA
3124609,31,ESTRELA DALVA
3132602,31,ITAMARATI DE MINAS
3138005,31,LARANJAL
3138401,31,LEOPOLDINA
3146701,31,PALMA
3151107,31,PIRAPETINGA
3154101,31,RECREIO
3158409,31,SANTANA DE CATAGUASES
3160009,31,SANTO ANTONIO DO AVENTUREIRO
3172103,31,VOLTA GRANDE
3200169,32,AGUA DOCE DO NORTE
3200904,32,BARRA DE SAO FRANCISCO
3202108,32,ECOPORANGA
3203304,32,MANTENOPOLIS
3200136,32,AGUIA BRANCA
3201001,32,BOA ESPERANCA
3203908,32,NOVA VENECIA
3204708,32,SAO GABRIEL DA PALHA
3205150,32,VILA PAVAO
3205176,32,VILA VALERIO
3200359,32,ALTO RIO NOVO
3200805,32,BAIXO GUANDU
3201506,32,COLATINA
3202256,32,GOVERNADOR LINDENBERG
3203353,32,MARILANDIA
3204005,32,PANCAS
3204658,32,SAO DOMINGOS DO NORTE
3203502,32,MONTANHA
3203601,32,MUCURICI
3204104,32,PINHEIROS
3204252,32,PONTO BELO
3201605,32,CONCEICAO DA BARRA
3203056,32,JAGUARE
3204054,32,PEDRO CANARIO
3204906,32,SAO MATEUS
3200607,32,ARACRUZ
3202207,32,FUNDAO
3202504,32,IBIRACU
3203130,32,JOAO NEIVA
3203205,32,LINHARES
3204351,32,RIO BANANAL
3205010,32,SOORETAMA
3200102,32,AFONSO CLAUDIO
3201159,32,BREJETUBA
3201704,32,CONCEICAO DO CASTELO
3201902,32,DOMINGOS MARTINS
3203163,32,LARANJA DA TERRA
3203346,32,MARECHAL FLORIANO
3205069,32,VENDA NOVA DO IMIGRANTE
3202702,32,ITAGUACU
3202900,32,ITARANA
3204500,32,SANTA LEOPOLDINA
3204559,32,SANTA MARIA DE JETIBA
3204609,32,SANTA TERESA
3204955,32,SAO ROQUE DO CANAA
3201308,32,CARIACICA
3205002,32,SERRA
3205101,32,VIANA
3205200,32,VILA VELHA
3205309,32,VITORIA
3200300,32,ALFREDO CHAVES
3200409,32,ANCHIETA
3202405,32,GUARAPARI
3202603,32,ICONHA
3204203,32,PIUMA
3204401,32,RIO NOVO DO SUL
3200201,32,ALEGRE
3201803,32,DIVINO DE SAO LOURENCO
3202009,32,DORES DO RIO PRETO
3202306,32,GUACUI
3202454,32,IBATIBA
3202553,32,IBITIRAMA
3202652,32,IRUPI
3203007,32,IUNA
3203700,32,MUNIZ FREIRE
3200508,32,APIACA
3200706,32,ATILIO VIVACQUA
3201100,32,BOM JESUS DO NORTE
3201209,32,CACHOEIRO DE ITAPEMIRIM
3201407,32,CASTELO
3203106,32,JERONIMO MONTEIRO
3203403,32,MIMOSO DO SUL
3203809,32,MUQUI
3204807,32,SAO JOSE DO CALCADO
3205036,32,VARGEM ALTA
3202801,32,ITAPEMIRIM
3203320,32,MARATAIZES
3204302,32,PRESIDENTE KENNEDY
3300605,33,BOM JESUS DO ITABAPOANA
3302056,33,ITALVA
3302205,33,ITAPERUNA
3302304,33,LAJE DO MURIAE
3303104,33,NATIVIDADE
3304102,33,PORCIUNCULA
3306156,33,VARRE-SAI
3300159,33,APERIBE
3300902,33,CAMBUCI
3302106,33,ITAOCARA
3303005,33,MIRACEMA
3304706,33,SANTO ANTONIO DE PADUA
3305133,33,SAO JOSE DE UBA
3301009,33,CAMPOS DOS GOYTACAZES
3301157,33,CARDOSO MOREIRA
3304755,33,SAO FRANCISCO DE ITABAPOANA
3304805,33,SAO FIDELIS
3305000,33,SAO JOAO DA BARRA
3300936,33,CARAPEBUS
3301405,33,CONCEICAO DE MACABU
3302403,33,MACAE
3304151,33,QUISSAMA
3300225,33,AREAL
3300951,33,COMENDADOR LEVY GASPARIAN
3303708,33,PARAIBA DO SUL
3305406,33,SAPUCAIA
3306008,33,TRES RIOS
3301108,33,CANTAGALO
3301207,33,CARMO
3301504,33,CORDEIRO
3302452,33,MACUCO
3300506,33,BOM JARDIM
3301603,33,DUAS BARRAS
3303401,33,NOVA FRIBURGO
3305703,33,SUMIDOURO
3304607,33,SANTA MARIA MADALENA
3305307,33,SAO SEBASTIAO DO ALTO
3305901,33,TRAJANO DE MORAIS
3301306,33,CASIMIRO DE ABREU
3304524,33,RIO DAS OSTRAS
3305604,33,SILVA JARDIM
3300209,33,ARARUAMA
3300233,33,ARMACAO DOS BUZIOS
3300258,33,ARRAIAL DO CABO
3300704,33,CABO FRIO
3301876,33,IGUABA GRANDE
3305208,33,SAO PEDRO DA ALDEIA
3305505,33,SAQUAREMA
3300407,33,BARRA MANSA
3302254,33,ITATIAIA
3303955,33,PINHEIRAL
3304003,33,PIRAI
3304110,33,PORTO REAL
3304128,33,QUATIS
3304201,33,RESENDE
3304409,33,RIO CLARO
3306305,33,VOLTA REDONDA
3300308,33,BARRA DO PIRAI
3304508,33,RIO DAS FLORES
3306107,33,VALENCA
3300100,33,ANGRA DOS REIS
3303807,33,PARATI
3301801,33,ENGENHEIRO PAULO DE FRONTIN
3302809,33,MENDES
3302908,33,MIGUEL PEREIRA
3303609,33,PARACAMBI
3303856,33,PATY DO ALFERES
3306206,33,VASSOURAS
3303906,33,PETROPOLIS
3305158,33,SAO JOSE DO VALE DO RIO PRETO
3305802,33,TERESOPOLIS
3300803,33,CACHOEIRAS DE MACACU
3304300,33,RIO BONITO
3302007,33,ITAGUAI
3302601,33,MANGARATIBA
3305554,33,SEROPEDICA
3300456,33,BELFORD ROXO
3301702,33,DUQUE DE CAXIAS
3301850,33,GUAPIMIRIM
3301900,33,ITABORAI
3302270,33,JAPERI
3302502,33,MAGE
3302700,33,MARICA
3302858,33,MESQUITA
3303203,33,NILOPOLIS
3303302,33,NITEROI
3303500,33,NOVA IGUACU
3304144,33,QUEIMADOS
3304557,33,RIO DE JANEIRO
3304904,33,SAO GONCALO
3305109,33,SAO JOAO DE MERITI
3305752,33,TANGUA
3502606,35,APARECIDA D'OESTE
3503950,35,ASPASIA
3513850,35,DIRCE REIS
3514205,35,DOLCINOPOLIS
3524808,35,JALES
3529104,35,MARINOPOLIS
3529658,35,MESOPOLIS
3532843,35,NOVA CANAA PAULISTA
3535200,35,PALMEIRA D'OESTE
3535903,35,PARANAPUA
3540259,35,PONTALINDA
3540408,35,POPULINA
3544509,35,RUBINEIA
3545704,35,SANTA ALBERTINA
3546108,35,SANTA CLARA D'OESTE
3546603,35,SANTA FE DO SUL
3547205,35,SANTANA DA PONTE PENSA
3547403,35,SANTA RITA D'OESTE
3547650,35,SANTA SALETE
3549003,35,SAO FRANCISCO
3554904,35,TRES FRONTEIRAS
3555802,35,URANIA
3556958,35,VITORIA BRASIL
3515202,35,ESTRELA D'OESTE
3515509,35,FERNANDOPOLIS
3518008,35,GUARANI D'OESTE
3520707,35,INDIAPORA
3528205,35,MACEDONIA
3529609,35,MERIDIANO
3530003,35,MIRA ESTRELA
3534757,35,OUROESTE
3536901,35,PEDRANOPOLIS
3549201,35,SAO JOAO DAS DUAS PONTES
3555307,35,TURMALINA
3501202,35,ALVARES FLORENCE
3501806,35,AMERICO DE CAMPOS
3510708,35,CARDOSO
3512902,35,COSMORAMA
3536257,35,PARISI
3540309,35,PONTES GESTAL
3544202,35,RIOLANDIA
3556107,35,VALENTIM GENTIL
3557105,35,VOTUPORANGA
3500204,35,ADOLFO
3500907,35,ALTAIR
3504602,35,BADY BASSITT
3504800,35,BALSAMO
3511300,35,CEDRAL
3517505,35,GUAPIACU
3517901,35,GUARACI
3519402,35,IBIRA
3519808,35,ICEM
3521150,35,IPIGUA
3524501,35,JACI
3525706,35,JOSE BONIFACIO
3529500,35,MENDONCA
3530300,35,MIRASSOL
3530409,35,MIRASSOLANDIA
3532801,35,NOVA ALIANCA
3533007,35,NOVA GRANADA
3533908,35,OLIMPIA
3534005,35,ONDA VERDE
3534203,35,ORINDIUVA
3535002,35,PALESTINA
3536604,35,PAULO DE FARIA
3539608,35,PLANALTO
3540804,35,POTIRENDABA
3549805,35,SAO JOSE DO RIO PRETO
3553401,35,TANABI
3555356,35,UBARANA
3555604,35,UCHOA
3557154,35,ZACARIAS
3503703,35,ARIRANHA
3509304,35,CAJOBI
3511102,35,CATANDUVA
3511201,35,CATIGUA
3514924,35,ELISIARIO
3514957,35,EMBAUBA
3533254,35,NOVAIS
3535101,35,PALMARES PAULISTA
3535705,35,PARAISO
3538105,35,PINDORAMA
3545605,35,SANTA ADELIA
3551900,35,SEVERINIA
3552601,35,TABAPUA
3504206,35,AURIFLAMA
3515905,35,FLOREAL
3516804,35,GASTAO VIDIGAL
3516903,35,GENERAL SALGADO
3518909,35,GUZOLANDIA
3528304,35,MAGDA
3532868,35,NOVA CASTILHO
3533304,35,NOVA LUZITANIA
3549250,35,SAO JOAO DE IRACEMA
3528106,35,MACAUBAL
3531001,35,MONCOES
3531407,35,MONTE APRAZIVEL
3532504,35,NEVES PAULISTA
3532603,35,NHANDEARA
3532702,35,NIPOA
3539905,35,POLONI
3551306,35,SEBASTIANOPOLIS DO SUL
3555703,35,UNIAO PAULISTA
3521507,35,IRAPUA
3521903,35,ITAJOBI
3528858,35,MARAPOAMA
3533502,35,NOVO HORIZONTE
3544806,35,SALES
3556008,35,URUPES
3505500,35,BARRETOS
3512001,35,COLINA
3512100,35,COLOMBIA
3517406,35,GUAIRA
3521309,35,IPUA
3524204,35,JABORANDI
3529708,35,MIGUELOPOLIS
3531902,35,MORRO AGUDO
3533601,35,NUPORANGA
3534302,35,ORLANDIA
3544905,35,SALES OLIVEIRA
3549409,35,SAO JOAQUIM DA BARRA
3503000,35,ARAMINA
3508207,35,BURITIZAL
3517703,35,GUARA
3520103,35,IGARAPAVA
3524105,35,ITUVERAVA
3513207,35,CRISTAIS PAULISTA
3516200,35,FRANCA
3523701,35,ITIRAPUA
3525409,35,JERIQUARA
3536307,35,PATROCINIO PAULISTA
3537008,35,PEDREGULHO
3542701,35,RESTINGA
3543105,35,RIBEIRAO CORRENTE
3543600,35,RIFAINA
3549508,35,SAO JOSE DA BELA VISTA
3506102,35,BEBEDOURO
3510104,35,CANDIDO RODRIGUES
3515608,35,FERNANDO PRESTES
3518602,35,GUARIBA
3524303,35,JABOTICABAL
3531308,35,MONTE ALTO
3531506,35,MONTE AZUL PAULISTA
3539004,35,PIRANGI
3539509,35,PITANGUEIRAS
3546504,35,SANTA ERNESTINA
3553104,35,TAIACU
3553203,35,TAIUVA
3553658,35,TAQUARAL
3553708,35,TAQUARITINGA
3554409,35,TERRA ROXA
3556800,35,VIRADOURO
3556909,35,VISTA ALEGRE DO ALTO
3505609,35,BARRINHA
3507803,35,BRODOWSKI
3513108,35,CRAVINHOS
3514601,35,DUMONT
3518859,35,GUATAPARA
3525102,35,JARDINOPOLIS
3527603,35,LUIS ANTONIO
3540200,35,PONTAL
3540903,35,PRADOPOLIS
3543402,35,RIBEIRAO PRETO
3547502,35,SANTA RITA DO PASSA QUATRO
3547601,35,SANTA ROSA DE VITERBO
3550902,35,SAO SIMAO
3551405,35,SERRA AZUL
3551504,35,SERRANA
3551702,35,SERTAOZINHO
3501004,35,ALTINOPOLIS
3505906,35,BATATAIS
3509403,35,CAJURU
3510906,35,CASSIA DOS COQUEIROS
3546256,35,SANTA CRUZ DA ESPERANCA
3547908,35,SANTO ANTONIO DA ALEGRIA
3502101,35,ANDRADINA
3511003,35,CASTILHO
3517802,35,GUARACAI
3520442,35,ILHA SOLTEIRA
3523008,35,ITAPURA
3530102,35,MIRANDOPOLIS
3532108,35,MURUTINGA DO SUL
3533205,35,NOVA INDEPENDENCIA
3537404,35,PEREIRA BARRETO
3552304,35,SUD MENNUCCI
3552551,35,SUZANAPOLIS
3502804,35,ARACATUBA
3506201,35,BENTO DE ABREU
3518206,35,GUARARAPES
3526506,35,LAVINIA
3544400,35,RUBIACEA
3548054,35,SANTO ANTONIO DO ARACANGUA
3556305,35,VALPARAISO
3501103,35,ALTO ALEGRE
3504404,35,AVANHANDAVA
3505104,35,BARBOSA
3506409,35,BILAC
3506508,35,BIRIGUI
3507704,35,BRAUNA
3507753,35,BREJO ALEGRE
3508108,35,BURITAMA
3511904,35,CLEMENTINA
3512506,35,COROADOS
3516507,35,GABRIEL MONTEIRO
3517109,35,GLICERIO
3527256,35,LOURDES
3527702,35,LUIZIANIA
3537305,35,PENAPOLIS
3537701,35,PIACATU
3548401,35,SANTOPOLIS DO AGUAPEI
3555208,35,TURIUBA
3508801,35,CAFELANDIA
3517000,35,GETULINA
3517208,35,GUAICARA
3517307,35,GUAIMBE
3525805,35,JULIO MESQUITA
3527108,35,LINS
3541604,35,PROMISSAO
3544608,35,SABINO
3500709,35,AGUDOS
3503406,35,AREALVA
3503604,35,AREIOPOLIS
3504305,35,AVAI
3504701,35,BALBINOS
3506003,35,BAURU
3507456,35,BOREBI
3508306,35,CABRALIA PAULISTA
3514502,35,DUARTINA
3518107,35,GUARANTA
3519105,35,IACANGA
3526803,35,LENCOIS PAULISTA
3527504,35,LUCIANOPOLIS
3536570,35,PAULISTANIA
3538907,35,PIRAJUI
3539400,35,PIRATININGA
3540101,35,PONGAI
3541109,35,PRESIDENTE ALVES
3542503,35,REGINOPOLIS
3555505,35,UBIRAJARA
3555901,35,URU
3505203,35,BARIRI
3505302,35,BARRA BONITA
3506805,35,BOCAINA
3507308,35,BORACEIA
3514106,35,DOIS CORREGOS
3520004,35,IGARACU DO TIETE
3522000,35,ITAJU
3522901,35,ITAPUI
3525300,35,JAU
3528007,35,MACATUBA
3529807,35,MINEIROS DO TIETE
3536703,35,PEDERNEIRAS
3500550,35,AGUAS DE SANTA BARBARA
3503109,35,ARANDU
3504503,35,AVARE
3511409,35,CERQUEIRA CESAR
3519253,35,IARAS
3521804,35,ITAI
3523503,35,ITATINGA
3535804,35,PARANAPANEMA
3502309,35,ANHEMBI
3506904,35,BOFETE
3507506,35,BOTUCATU
3512308,35,CONCHAS
3536109,35,PARDINHO
3541059,35,PRATANIA
3550100,35,SAO MANUEL
3501707,35,AMERICO BRASILIENSE
3503208,35,ARARAQUARA
3506706,35,BOA ESPERANCA DO SUL
3507407,35,BORBOREMA
3514007,35,DOBRADA
3516853,35,GAVIAO PEIXOTO
3519600,35,IBITINGA
3522703,35,ITAPOLIS
3529302,35,MATAO
3532058,35,MOTUCA
3532900,35,NOVA EUROPA
3543709,35,RINCAO
3546900,35,SANTA LUCIA
3552700,35,TABATINGA
3554755,35,TRABIJU
3502002,35,ANALANDIA
3513702,35,DESCALVADO
2501534,25,BARAUNA
2505006,25,CUBATI
2506202,25,FREI MARTINHO
2507705,25,JUAZEIRINHO
2510303,25,NOVA PALMEIRA
2511103,25,PEDRA LAVRADA
2511400,25,PICUI
2515401,25,SERIDO
2516755,25,TENORIO
2500734,25,AMPARO
2501351,25,ASSUNCAO
2503902,25,CAMALAU
2504702,25,CONGO
2504850,25,COXIXOLA
2508505,25,LIVRAMENTO
2509701,25,MONTEIRO
2510600,25,OURO VELHO
2510659,25,PARARI
2512200,25,PRATA
2514107,25,SAO JOAO DO TIGRE
2514800,25,SAO JOSE DOS CORDEIROS
2515203,25,SAO SEBASTIAO DO UMBUZEIRO
2515500,25,SERRA BRANCA
2516300,25,SUME
2516508,25,TAPEROA
2517407,25,ZABELE
2500536,25,ALCANTIL
2501575,25,BARRA DE SANTANA
2501708,25,BARRA DE SAO MIGUEL
2502508,25,BOQUEIRAO
2503100,25,CABACEIRAS
2504074,25,CARAUBAS
2504355,25,CATURITE
2506509,25,GURJAO
2512788,25,RIACHO DE SANTO ANTONIO
2513851,25,SANTO ANDRE
2513943,25,SAO DOMINGOS DO CARIRI
2514008,25,SAO JOAO DO CARIRI
2500577,25,ALGODAO DE JANDAIRA
2500908,25,ARARA
2501609,25,BARRA DE SANTA ROSA
2505105,25,CUITE
2505352,25,DAMIAO
2510105,25,NOVA FLORESTA
2510501,25,OLIVEDOS
2512002,25,POCINHOS
2512705,25,REMIGIO
2516102,25,SOLEDADE
2516151,25,SOSSEGO
2501005,25,ARARUNA
2503506,25,CACIMBA DE DENTRO
2504157,25,CASSERENGUE
2505709,25,DONA INES
2512747,25,RIACHAO
2516003,25,SOLANEA
2516409,25,CAMPO DE SANTANA
2501203,25,AREIAL
2506004,25,ESPERANCA
2509503,25,MONTADAS
2515104,25,SAO SEBASTIAO DE LAGOA DE ROCA
2500304,25,ALAGOA GRANDE
2500403,25,ALAGOA NOVA
2501104,25,AREIA
2501500,25,BANANEIRAS
2502706,25,BORBOREMA
2509339,25,MATINHAS
2511608,25,PILOES
2515906,25,SERRARIA
2500502,25,ALAGOINHA
2500809,25,ARACAGI
2501906,25,BELEM
2503605,25,CAICARA
2505204,25,CUITEGI
2505808,25,DUAS ESTRADAS
2506301,25,GUARABIRA
2508208,25,LAGOA DE DENTRO
2508554,25,LOGRADOURO
2509800,25,MULUNGU
2511707,25,PILOEZINHOS
2511806,25,PIRPIRITUBA
2515609,25,SERRA DA RAIZ
2515930,25,SERTAOZINHO
2502151,25,BOA VISTA
2504009,25,CAMPINA GRANDE
2506103,25,FAGUNDES
2508307,25,LAGOA SECA
2509206,25,MASSARANDUBA
2512408,25,PUXINANA
2512507,25,QUEIMADAS
2515807,25,SERRA REDONDA
2503803,25,CALDAS BRANDAO
2506400,25,GURINHEM
2506806,25,INGA
2506905,25,ITABAIANA
2507200,25,ITATUBA
2507606,25,JUAREZ TAVORA
2509404,25,MOGEIRO
2512754,25,RIACHAO DO BACAMARTE
2513109,25,SALGADO DE SAO FELIX
2501302,25,AROEIRAS
2506251,25,GADO BRAVO
2509909,25,NATUBA
2513158,25,SANTA CECILIA
2517001,25,UMBUZEIRO
2501401,25,BAIA DA TRAICAO
2504033,25,CAPIM
2505238,25,CUITE DE MAMANGUAPE
2505279,25,CURRAL DE CIMA
2507101,25,ITAPOROROCA
2507309,25,JACARAU
2508901,25,MAMANGUAPE
2509057,25,MARCACAO
2509305,25,MATARACA
2512721,25,PEDRO REGIS
2512903,25,RIO TINTO
2504900,25,CRUZ DO ESPIRITO SANTO
2507903,25,JURIPIRANGA
2509107,25,MARI
2511509,25,PILAR
2512762,25,RIACHAO DO POCO
2514453,25,SAO JOSE DOS RAMOS
2515005,25,SAO MIGUEL DE TAIPU
2515302,25,SAPE
2515971,25,SOBRADO
2501807,25,BAYEUX
2503209,25,CABEDELO
2504603,25,CONDE
2507507,25,JOAO PESSOA
2508604,25,LUCENA
2513703,25,SANTA RITA
2500601,25,ALHANDRA
2503001,25,CAAPORA
2511202,25,PEDRAS DE FOGO
2511905,25,PITIMBU
2601102,26,ARARIPINA
2602001,26,BODOCO
2605301,26,EXU
2606309,26,GRANITO
2607307,26,IPUBI
2609907,26,OURICURI
2612455,26,SANTA CRUZ
2612554,26,SANTA FILOMENA
2614303,26,MOREILANDIA
2615607,26,TRINDADE
2604304,26,CEDRO
2609303,26,MIRANDIBA
2610400,26,PARNAMIRIM
2612208,26,SALGUEIRO
2613503,26,SAO JOSE DO BELMONTE
2614006,26,SERRITA
2616100,26,VERDEJANTE
2600104,26,AFOGADOS DA INGAZEIRA
2602506,26,BREJINHO
2603405,26,CALUMBI
2603900,26,CARNAIBA
2605608,26,FLORES
2606903,26,IGUARACI
2607109,26,INGAZEIRA
2607703,26,ITAPETIM
2611533,26,QUIXABA
2612471,26,SANTA CRUZ DA BAIXA VERDE
2612802,26,SANTA TEREZINHA
2613602,26,SAO JOSE DO EGITO
2613909,26,SERRA TALHADA
2614402,26,SOLIDAO
2614600,26,TABIRA
2615706,26,TRIUNFO
2615904,26,TUPARETAMA
2601201,26,ARCOVERDE
2601805,26,BETANIA
2605103,26,CUSTODIA
2606606,26,IBIMIRIM
2607000,26,INAJA
2609154,26,MANARI
2614105,26,SERTANIA
2600203,26,AFRANIO
2603009,26,CABROBO
2605152,26,DORMENTES
2608750,26,LAGOA GRANDE
2609808,26,OROCO
2611101,26,PETROLINA
2612604,26,SANTA MARIA DA BOA VISTA
2615201,26,TERRA NOVA
2601607,26,BELEM DE SAO FRANCISCO
2603926,26,CARNAUBEIRA DA PENHA
2605707,26,FLORESTA
2607406,26,ITACURUBA
2608057,26,JATOBA
2611002,26,PETROLANDIA
2614808,26,TACARATU
2600500,26,AGUAS BELAS
2602803,26,BUIQUE
2607505,26,ITAIBA
2610806,26,PEDRA
2615805,26,TUPANATINGA
2616001,26,VENTUROSA
2600609,26,ALAGOINHA
2601706,26,BELO JARDIM
2601904,26,BEZERROS
2602605,26,BREJO DA MADRE DE DEUS
2603108,26,CACHOEIRINHA
2603801,26,CAPOEIRAS
2604106,26,CARUARU
2606408,26,GRAVATA
2608008,26,JATAUBA
2610905,26,PESQUEIRA
2611200,26,POCAO
2611705,26,RIACHO DAS ALMAS
2612406,26,SANHARO
2613008,26,SAO BENTO DO UNA
2613107,26,SAO CAITANO
2614709,26,TACAIMBO
2604155,26,CASINHAS
2605806,26,FREI MIGUELINHO
2612505,26,SANTA CRUZ DO CAPIBARIBE
2612703,26,SANTA MARIA DO CAMBUCA
2614501,26,SURUBIM
2615003,26,TAQUARITINGA DO NORTE
2615409,26,TORITAMA
2616183,26,VERTENTE DO LERIO
2616209,26,VERTENTES
2602209,26,BOM JARDIM
2604908,26,CUMARU
2605400,26,FEIRA NOVA
2608107,26,JOAO ALFREDO
2608909,26,LIMOEIRO
2609105,26,MACHADOS
2609709,26,OROBO
2610509,26,PASSIRA
2612109,26,SALGADINHO
2613800,26,SAO VICENTE FERRER
2601003,26,ANGELIM
2602100,26,BOM CONSELHO
2602407,26,BREJAO
2603207,26,CAETES
2603306,26,CALCADO
2603702,26,CANHOTINHO
2604700,26,CORRENTES
2606002,26,GARANHUNS
2606507,26,IATI
2608255,26,JUCATI
2608305,26,JUPI
2608404,26,JUREMA
2608602,26,LAGOA DO OURO
2608800,26,LAJEDO
2610103,26,PALMEIRINA
2610301,26,PARANATAMA
2612307,26,SALOA
2613206,26,SAO JOAO
2615102,26,TEREZINHA
2600302,26,AGRESTINA
2600807,26,ALTINHO
2601300,26,BARRA DE GUABIRABA
2602308,26,BONITO
2603504,26,CAMOCIM DE SAO FELIX
2605004,26,CUPIRA
2606705,26,IBIRAJUBA
2608701,26,LAGOA DOS GATOS
2610202,26,PANELAS
2612000,26,SAIRE
2613305,26,SAO JOAQUIM DO MONTE
2600708,26,ALIANCA
2602704,26,BUENOS AIRES
2603603,26,CAMUTANGA
2604007,26,CARPINA
2604601,26,CONDADO
2605509,26,FERREIROS
2606200,26,GOIANA
2607653,26,ITAMBE
2607802,26,ITAQUITINGA
2608453,26,LAGOA DO CARRO
2608503,26,LAGOA DO ITAENGA
2609006,26,MACAPARANA
2609501,26,NAZARE DA MATA
2610608,26,PAUDALHO
2615300,26,TIMBAUBA
2615508,26,TRACUNHAEM
2616308,26,VICENCIA
2604403,26,CHA DE ALEGRIA
2604502,26,CHA GRANDE
2606101,26,GLORIA DO GOITA
2611309,26,POMBOS
2616407,26,VITORIA DE SANTO ANTAO
2600401,26,AGUA PRETA
2600906,26,AMARAJI
2601409,26,BARREIROS
2601508,26,BELEM DE MARIA
2604205,26,CATENDE
2604809,26,CORTES
3103801,31,ARAPUA
3544301,35,ROSEIRA
3503158,35,ARAPEI
3503505,35,AREIAS
3504909,35,BANANAL
3549607,35,SAO JOSE DO BARREIRO
3552007,35,SILVEIRAS
3513603,35,CUNHA
3524907,35,JAMBEIRO
3526308,35,LAGOINHA
3532306,35,NATIVIDADE DA SERRA
3535606,35,PARAIBUNA
3542305,35,REDENCAO DA SERRA
3550001,35,SAO LUIS DO PARAITINGA
3510500,35,CARAGUATATUBA
3520400,35,ILHABELA
3550704,35,SAO SEBASTIAO
3555406,35,UBATUBA
3505401,35,BARRA DO TURVO
3509254,35,CAJATI
3509908,35,CANANEIA
3514809,35,ELDORADO
3520301,35,IGUAPE
3520426,35,ILHA COMPRIDA
3524600,35,JACUPIRANGA
3526100,35,JUQUIA
3529906,35,MIRACATU
3536208,35,PARIQUERA-ACU
3542602,35,REGISTRO
3551801,35,SETE BARRAS
3522109,35,ITANHAEM
3523305,35,ITARIRI
3531100,35,MONGAGUA
3537206,35,PEDRO DE TOLEDO
3537602,35,PERUIBE
3505708,35,BARUERI
3509205,35,CAJAMAR
3510609,35,CARAPICUIBA
3522505,35,ITAPEVI
3525003,35,JANDIRA
3534401,35,OSASCO
3539103,35,PIRAPORA DO BOM JESUS
3547304,35,SANTANA DE PARNAIBA
3509007,35,CAIEIRAS
3516309,35,FRANCISCO MORATO
3516408,35,FRANCO DA ROCHA
3528502,35,MAIRIPORA
3503901,35,ARUJA
3518800,35,GUARULHOS
3546801,35,SANTA ISABEL
3513009,35,COTIA
3515004,35,EMBU
3515103,35,EMBU-GUACU
3522208,35,ITAPECERICA DA SERRA
3526209,35,JUQUITIBA
3549953,35,SAO LOURENCO DA SERRA
3552809,35,TABOAO DA SERRA
3556453,35,VARGEM GRANDE PAULISTA
3513801,35,DIADEMA
3529401,35,MAUA
3543303,35,RIBEIRAO PIRES
3544103,35,RIO GRANDE DA SERRA
3547809,35,SANTO ANDRE
3548708,35,SAO BERNARDO DO CAMPO
3548807,35,SAO CAETANO DO SUL
3550308,35,SAO PAULO
3506607,35,BIRITIBA-MIRIM
3515707,35,FERRAZ DE VASCONCELOS
3518305,35,GUARAREMA
3523107,35,ITAQUAQUECETUBA
3530607,35,MOGI DAS CRUZES
3539806,35,POA
3545001,35,SALESOPOLIS
3552502,35,SUZANO
3506359,35,BERTIOGA
3513504,35,CUBATAO
3518701,35,GUARUJA
3541000,35,PRAIA GRANDE
3548500,35,SANTOS
3551009,35,SAO VICENTE
4100608,41,ALTO PARANA
4100905,41,AMAPORA
4106704,41,CRUZEIRO DO SUL
4107108,41,DIAMANTE DO NORTE
4108908,41,GUAIRACA
4110300,41,INAJA
4111308,41,ITAUNA DO SUL
4112603,41,JARDIM OLINDA
4113502,41,LOANDA
4115002,41,MARILENA
4115903,41,MIRADOR
4116505,41,NOVA ALIANCA DO IVAI
4117107,41,NOVA LONDRINA
4118006,41,PARAISO DO NORTE
4118105,41,PARANACITY
4118303,41,PARANAPOEMA
4118402,41,PARANAVAI
4119707,41,PLANALTINA DO PARANA
4120200,41,PORTO RICO
4121000,41,QUERENCIA DO NORTE
4123303,41,SANTA CRUZ DE MONTE CASTELO
4123709,41,SANTA ISABEL DO IVAI
4123956,41,SANTA MONICA
4124202,41,SANTO ANTONIO DO CAIUA
4124608,41,SAO CARLOS DO IVAI
4124905,41,SAO JOAO DO CAIUA
4125902,41,SAO PEDRO DO PARANA
4126702,41,TAMBOARA
4127304,41,TERRA RICA
4100509,41,ALTONIA
4100707,41,ALTO PIQUIRI
4103370,41,BRASILANDIA DO SUL
4103479,41,CAFEZAL DO SUL
4106605,41,CRUZEIRO DO OESTE
4107256,41,DOURADINA
4107520,41,ESPERANCA NOVA
4108320,41,FRANCISCO ALVES
4109906,41,ICARAIMA
4110607,41,IPORA
4111555,41,IVATE
4114708,41,MARIA HELENA
4115101,41,MARILUZ
4117206,41,NOVA OLIMPIA
4118857,41,PEROBAL
4118907,41,PEROLA
4125357,41,SAO JORGE DO PATROCINIO
4126900,41,TAPIRA
4128104,41,UMUARAMA
4128625,41,ALTO PARAISO
4128807,41,XAMBRE
4105508,41,CIANORTE
4105607,41,CIDADE GAUCHA
4109104,41,GUAPOREMA
4110409,41,INDIANOPOLIS
4112405,41,JAPURA
4113007,41,JUSSARA
4122602,41,RONDON
4125555,41,SAO MANOEL DO PARANA
4126108,41,SAO TOME
4126801,41,TAPEJARA
4127908,41,TUNEIRAS DO OESTE
4100459,41,ALTAMIRA DO PARANA
4103008,41,BOA ESPERANCA
4103909,41,CAMPINA DA LAGOA
4108601,41,GOIOERE
4112207,41,JANIOPOLIS
4112959,41,JURANDA
4116109,41,MOREIRA SALES
4116802,41,NOVA CANTU
4120655,41,QUARTO CENTENARIO
4121356,41,RANCHO ALEGRE D'OESTE
4128005,41,UBIRATA
4101705,41,ARARUNA
4102505,41,BARBOSA FERRAZ
4104303,41,CAMPO MOURAO
4106555,41,CORUMBATAI DO SUL
4107504,41,ENGENHEIRO BELTRAO
4107553,41,FAROL
4107702,41,FENIX
4110805,41,IRETAMA
4113734,41,LUIZIANA
4114005,41,MAMBORE
4118808,41,PEABIRU
4121109,41,QUINTA DO SOL
4122503,41,RONCADOR
4127205,41,TERRA BOA
4101150,41,ANGULO
4102109,41,ASTORGA
4102208,41,ATALAIA
4103404,41,CAFEARA
4105102,41,CENTENARIO DO SUL
4105904,41,COLORADO
4108106,41,FLORIDA
4109203,41,GUARACI
4110003,41,IGUARACU
4110904,41,ITAGUAJE
4111902,41,JAGUAPITA
4113601,41,LOBATO
4113809,41,LUPIONOPOLIS
4114104,41,MANDAGUACU
4116307,41,MUNHOZ DE MELO
4116406,41,NOSSA SENHORA DAS GRACAS
4116901,41,NOVA ESPERANCA
4120408,41,PRESIDENTE CASTELO BRANCO
4123402,41,SANTA FE
4123600,41,SANTA INES
4124509,41,SANTO INACIO
4128302,41,UNIFLOR
4100806,41,ALVORADA DO SUL
4102802,41,BELA VISTA DO PARAISO
4108007,41,FLORESTOPOLIS
4116000,41,MIRASELVA
4120002,41,PORECATU
4120333,41,PRADO FERREIRA
4120507,41,PRIMEIRO DE MAIO
4126504,41,SERTANOPOLIS
4107306,41,DOUTOR CAMARGO
4107801,41,FLORAI
4107900,41,FLORESTA
4111100,41,ITAMBE
4111605,41,IVATUBA
4117404,41,OURIZONA
4125308,41,SAO JORGE DO IVAI
4114203,41,MANDAGUARI
4114807,41,MARIALVA
4115200,41,MARINGA
4117503,41,PAICANDU
4126256,41,SARANDI
4101408,41,APUCARANA
4101507,41,ARAPONGAS
4103503,41,CALIFORNIA
4103800,41,CAMBIRA
4112108,41,JANDAIA DO SUL
4114906,41,MARILANDIA DO SUL
4115754,41,MAUA DA SERRA
4117297,41,NOVO ITACOLOMI
4122701,41,SABAUDIA
4103701,41,CAMBE
4109807,41,IBIPORA
4113700,41,LONDRINA
4119657,41,PITANGUEIRAS
4122404,41,ROLANDIA
4126678,41,TAMARANA
4103206,41,BOM SUCESSO
4103305,41,BORRAZOPOLIS
4106852,41,CRUZMALTINA
4107603,41,FAXINAL
4113106,41,KALORE
4115507,41,MARUMBI
4122107,41,RIO BOM
4101655,41,ARAPUA
4101853,41,ARIRANHA DO IVAI
4104402,41,CANDIDO DE ABREU
4108551,41,GODOY MOREIRA
4108700,41,GRANDES RIOS
4111506,41,IVAIPORA
4112504,41,JARDIM ALEGRE
4113429,41,LIDIANOPOLIS
4113759,41,LUNARDELLI
4114500,41,MANOEL RIBAS
4117271,41,NOVA TEBAS
4122172,41,RIO BRANCO DO IVAI
4122651,41,ROSARIO DO IVAI
4125001,41,SAO JOAO DO IVAI
4125803,41,SAO PEDRO DO IVAI
4101903,41,ASSAI
4112702,41,JATAIZINHO
4117214,41,NOVA SANTA BARBARA
4121307,41,RANCHO ALEGRE
4123204,41,SANTA CECILIA DO PAVAO
4124707,41,SAO JERONIMO DA SERRA
4126009,41,SAO SEBASTIAO DA AMOREIRA
4128401,41,URAI
4100103,41,ABATIA
4101101,41,ANDIRA
4102406,41,BANDEIRANTES
4106001,41,CONGONHINHAS
4106407,41,CORNELIO PROCOPIO
4111001,41,ITAMBARACA
4113403,41,LEOPOLIS
4116604,41,NOVA AMERICA DA COLINA
4117008,41,NOVA FATIMA
4121901,41,RIBEIRAO DO PINHAL
4123105,41,SANTA AMELIA
4123907,41,SANTA MARIANA
4124301,41,SANTO ANTONIO DO PARAISO
4126405,41,SERTANEJA
4102703,41,BARRA DO JACARE
4103602,41,CAMBARA
4111803,41,JACAREZINHO
4112900,41,JUNDIAI DO SUL
4121802,41,RIBEIRAO CLARO
4124103,41,SANTO ANTONIO DA PLATINA
4106100,41,CONSELHEIRO MAIRINCK
4107009,41,CURIUVA
4107751,41,FIGUEIRA
4109708,41,IBAITI
5102686,51,CAMPOS DE JULIO
5103304,51,COMODORO
5103502,51,DIAMANTINO
5107875,51,SAPEZAL
5105101,51,JUARA
5106273,51,NOVO HORIZONTE DO NORTE
5106802,51,PORTO DOS GAUCHOS
5107305,51,SAO JOSE DO RIO CLARO
5107941,51,TABAPORA
5108907,51,NOVA MARINGA
5104526,51,IPIRANGA DO NORTE
5104542,51,ITANHANGA
5105259,51,LUCAS DO RIO VERDE
5105903,51,NOBRES
5106224,51,NOVA MUTUM
5106240,51,NOVA UBIRATA
5107768,51,SANTA RITA DO TRIVELATO
5107925,51,SORRISO
5108006,51,TAPURAH
5103056,51,CLAUDIA
5103700,51,FELIZ NATAL
5104559,51,ITAUBA
5105580,51,MARCELANDIA
5106190,51,NOVA SANTA HELENA
5107248,51,SANTA CARMEM
5107909,51,SINOP
5108303,51,UNIAO DO SUL
5108501,51,VERA
5103858,51,GAUCHA DO NORTE
5106208,51,NOVA BRASILANDIA
5106307,51,PARANATINGA
5106455,51,PLANALTO DA SERRA
5100359,51,ALTO BOA VISTA
5101852,51,BOM JESUS DO ARAGUAIA
5102694,51,CANABRAVA DO NORTE
5103353,51,CONFRESA
5105309,51,LUCIARA
5106315,51,NOVO SANTO ANTONIO
5106778,51,PORTO ALEGRE DO NORTE
5107180,51,RIBEIRAO CASCALHEIRA
5107354,51,SAO JOSE DO XINGU
5107743,51,SANTA CRUZ DO XINGU
5107776,51,SANTA TEREZINHA
5107859,51,SAO FELIX DO ARAGUAIA
5107883,51,SERRA NOVA DOURADA
5108600,51,VILA RICA
5100201,51,AGUA BOA
5102603,51,CAMPINAPOLIS
5102702,51,CANARANA
5106174,51,NOVA NAZARE
5106257,51,NOVA XAVANTINA
5106281,51,NOVO SAO JOAQUIM
5107065,51,QUERENCIA
5107792,51,SANTO ANTONIO DO LESTE
5101001,51,ARAGUAIANA
5101803,51,BARRA DO GARCAS
5103106,51,COCALINHO
5103361,51,CONQUISTA D'OESTE
5105507,51,VILA BELA DA SANTISSIMA TRINDADE
5106182,51,NOVA LACERDA
5106752,51,PONTES E LACERDA
5108352,51,VALE DE SAO DOMINGOS
5101704,51,BARRA DO BUGRES
5103452,51,DENISE
5106232,51,NOVA OLIMPIA
5106851,51,PORTO ESTRELA
5107958,51,TANGARA DA SERRA
5101258,51,ARAPUTANGA
5103809,51,FIGUEIROPOLIS D'OESTE
5103957,51,GLORIA D'OESTE
5104500,51,INDIAVAI
5105002,51,JAURU
5105234,51,LAMBARI D'OESTE
5105622,51,MIRASSOL D'OESTE
5106828,51,PORTO ESPERIDIAO
5107107,51,SAO JOSE DOS QUATRO MARCOS
5107156,51,RESERVA DO CABACAL
5107206,51,RIO BRANCO
5107750,51,SALTO DO CEU
5100508,51,ALTO PARAGUAI
5101308,51,ARENAPOLIS
5106000,51,NORTELANDIA
5107263,51,SANTO AFONSO
5108857,51,NOVA MARILANDIA
5100102,51,ACORIZAL
5104906,51,JANGADA
5107701,51,ROSARIO OESTE
5103007,51,CHAPADA DOS GUIMARAES
5103403,51,CUIABA
5106109,51,NOSSA SENHORA DO LIVRAMENTO
5107800,51,SANTO ANTONIO DO LEVERGER
5108402,51,VARZEA GRANDE
5101605,51,BARAO DE MELGACO
5102504,51,CACERES
5103437,51,CURVELANDIA
5106505,51,POCONE
5102678,51,CAMPO VERDE
5107040,51,PRIMAVERA DO LESTE
5101209,51,ARAGUAINHA
5103908,51,GENERAL CARNEIRO
5104203,51,GUIRATINGA
5106653,51,PONTAL DO ARAGUAIA
5106703,51,PONTE BRANCA
5107008,51,POXOREO
5107198,51,RIBEIRAOZINHO
5108105,51,TESOURO
5108204,51,TORIXOREU
5103601,51,DOM AQUINO
5104609,51,ITIQUIRA
5104807,51,JACIARA
5105200,51,JUSCIMEIRA
5106372,51,PEDRA PRETA
5107297,51,SAO JOSE DO POVO
5107404,51,SAO PEDRO DA CIPA
5107602,51,RONDONOPOLIS
5100300,51,ALTO ARAGUAIA
5100409,51,ALTO GARCAS
5100607,51,ALTO TAQUARI
5206404,52,CRIXAS
5214002,52,MOZARLANDIA
5214051,52,MUNDO NOVO
5214838,52,NOVA CRIXAS
5215256,52,NOVO PLANALTO
5220207,52,SAO MIGUEL DO ARAGUAIA
5221577,52,UIRAPURU
5202155,52,ARAGUAPAZ
5202502,52,ARUANA
5203807,52,BRITANIA
5207535,52,FAINA
5208905,52,GOIAS
5211008,52,ITAPIRAPUA
5212204,52,JUSSARA
5212956,52,MATRINCHA
5219258,52,SANTA FE DE GOIAS
5201702,52,ARAGARCAS
5202353,52,ARENOPOLIS
5203104,52,BALIZA
5203401,52,BOM JARDIM DE GOIAS
5207105,52,DIORAMA
5213707,52,MONTES CLAROS DE GOIAS
5217203,52,PIRANHAS
5200555,52,ALTO HORIZONTE
5200829,52,AMARALINA
5203575,52,BONOPOLIS
5204656,52,CAMPINACU
5204706,52,CAMPINORTE
5204953,52,CAMPOS VERDES
5207501,52,ESTRELA DO NORTE
5208103,52,FORMOSO
5212808,52,MARA ROSA
5213087,52,MINACU
5213772,52,MONTIVIDIU DO NORTE
5214101,52,MUTUNOPOLIS
5214606,52,NIQUELANDIA
5214879,52,NOVA IGUACU DE GOIAS
5218003,52,PORANGATU
5219605,52,SANTA TEREZA DE GOIAS
5219704,52,SANTA TEREZINHA DE GOIAS
5221452,52,TROMBAS
5221601,52,URUACU
5200605,52,ALTO PARAISO DE GOIAS
5204904,52,CAMPOS BELOS
5205307,52,CAVALCANTE
5205521,52,COLINAS DO SUL
5213509,52,MONTE ALEGRE DE GOIAS
5214903,52,NOVA ROMA
5220009,52,SAO JOAO D'ALIANCA
5221080,52,TERESINA DE GOIAS
5203203,52,BARRO ALTO
5205000,52,CARMO DO RIO VERDE
5205406,52,CERES
5208608,52,GOIANESIA
5209291,52,GUARAITA
5209457,52,GUARINOS
5209804,52,HIDROLINA
5210158,52,IPIRANGA DE GOIAS
5210901,52,ITAPACI
5211206,52,ITAPURANGA
5213855,52,MORRO AGUDO DE GOIAS
5214705,52,NOVA AMERICA
5214861,52,NOVA GLORIA
5216908,52,PILAR DE GOIAS
5218607,52,RIALMA
5218706,52,RIANAPOLIS
5218904,52,RUBIATABA
5219357,52,SANTA ISABEL
5219456,52,SANTA RITA DO NOVO DESTINO
5220157,52,SAO LUIZ DO NORTE
5220280,52,SAO PATRICIO
5221700,52,URUANA
5201108,52,ANAPOLIS
5201603,52,ARACU
5203609,52,BRAZABRANTES
5204854,52,CAMPO LIMPO DE GOIAS
5205208,52,CATURAI
5206800,52,DAMOLANDIA
5209606,52,HEITORAI
5210000,52,INHUMAS
5210406,52,ITABERAI
5210562,52,ITAGUARI
5210604,52,ITAGUARU
5211404,52,ITAUCU
5211800,52,JARAGUA
5212055,52,JESUPOLIS
5215009,52,NOVA VENEZA
5215405,52,OURO VERDE DE GOIAS
5216809,52,PETROLINA DE GOIAS
5219506,52,SANTA ROSA DE GOIAS
5219902,52,SAO FRANCISCO DE GOIAS
5221007,52,TAQUARAL DE GOIAS
5200902,52,AMORINOPOLIS
5204201,52,CACHOEIRA DE GOIAS
5205703,52,CORREGO DO OURO
5207600,52,FAZENDA NOVA
5210208,52,IPORA
5210307,52,ISRAELANDIA
5211602,52,IVOLANDIA
5212006,52,JAUPACI
5213400,52,MOIPORA
5215207,52,NOVO BRASIL
5200159,52,ADELANDIA
5200852,52,AMERICANO DO BRASIL
5201306,52,ANICUNS
5202601,52,AURILANDIA
5202809,52,AVELINOPOLIS
5203939,52,BURITI DE GOIAS
5207808,52,FIRMINOPOLIS
5213905,52,MOSSAMEDES
5214408,52,NAZARIO
5219001,52,SANCLERLANDIA
5219100,52,SANTA BARBARA DE GOIAS
5220108,52,SAO LUIS DE MONTES BELOS
5221502,52,TURVANIA
5200050,52,ABADIA DE GOIAS
5201405,52,APARECIDA DE GOIANIA
5201801,52,ARAGOIANIA
5203302,52,BELA VISTA DE GOIAS
5203559,52,BONFINOPOLIS
5204557,52,CALDAZINHA
5208400,52,GOIANAPOLIS
5208707,52,GOIANIA
5208806,52,GOIANIRA
5209200,52,GUAPO
5209705,52,HIDROLANDIA
5212303,52,LEOPOLDO DE BULHOES
5214507,52,NEROPOLIS
5219738,52,SANTO ANTONIO DE GOIAS
5220454,52,SENADOR CANEDO
5221197,52,TEREZOPOLIS DE GOIAS
5221403,52,TRINDADE
5200803,52,ALVORADA DO NORTE
5203962,52,BURITINOPOLIS
5206701,52,DAMIANOPOLIS
5207907,52,FLORES DE GOIAS
5208301,52,DIVINOPOLIS DE GOIAS
5209408,52,GUARANI DE GOIAS
5209903,52,IACIARA
5212709,52,MAMBAI
5218300,52,POSSE
5219803,52,SAO DOMINGOS
5220686,52,SIMOLANDIA
5220702,52,SITIO D'ABADIA
5200100,52,ABADIANIA
5200175,52,AGUA FRIA DE GOIAS
4112306,41,JAPIRA
4119202,41,PINHALAO
4126207,41,SAPOPEMA
4104709,41,CARLOPOLIS
4109005,41,GUAPIRAMA
4112801,41,JOAQUIM TAVORA
4120705,41,QUATIGUA
4122909,41,SALTO DO ITARARE
4124004,41,SANTANA DO ITARARE
4125407,41,SAO JOSE DA BOA VISTA
4126603,41,SIQUEIRA CAMPOS
4127809,41,TOMAZINA
4128500,41,WENCESLAU BRAZ
4110078,41,IMBAU
4117305,41,ORTIGUEIRA
4121703,41,RESERVA
4127106,41,TELEMACO BORBA
4127502,41,TIBAGI
4128534,41,VENTANIA
4101606,41,ARAPOTI
4112009,41,JAGUARIAIVA
4119400,41,PIRAI DO SUL
4126306,41,SENGES
4104659,41,CARAMBEI
4104907,41,CASTRO
4117701,41,PALMEIRA
4119905,41,PONTA GROSSA
4102000,41,ASSIS CHATEAUBRIAND
4107157,41,DIAMANTE D'OESTE
4107538,41,ENTRE RIOS DO OESTE
4108205,41,FORMOSA DO OESTE
4108809,41,GUAIRA
4110656,41,IRACEMA DO OESTE
4112751,41,JESUITAS
4114609,41,MARECHAL CANDIDO RONDON
4115358,41,MARIPA
4115853,41,MERCEDES
4117222,41,NOVA SANTA ROSA
4117453,41,OURO VERDE DO OESTE
4117909,41,PALOTINA
4118451,41,PATO BRAGADO
4120853,41,QUATRO PONTES
4123501,41,SANTA HELENA
4125456,41,SAO JOSE DAS PALMEIRAS
4125753,41,SAO PEDRO DO IGUACU
4127403,41,TERRA ROXA
4127700,41,TOLEDO
4127957,41,TUPASSI
4101051,41,ANAHY
4103057,41,BOA VISTA DA APARECIDA
4103354,41,BRAGANEY
4103453,41,CAFELANDIA
4104055,41,CAMPO BONITO
4104600,41,CAPITAO LEONIDAS MARQUES
4104808,41,CASCAVEL
4105003,41,CATANDUVAS
4106308,41,CORBELIA
4107124,41,DIAMANTE DO SUL
4109302,41,GUARANIACU
4109757,41,IBEMA
4110052,41,IGUATU
4113452,41,LINDOESTE
4116703,41,NOVA AURORA
4123824,41,SANTA LUCIA
4124020,41,SANTA TEREZA DO OESTE
4127858,41,TRES BARRAS DO PARANA
4105300,41,CEU AZUL
4108304,41,FOZ DO IGUACU
4110953,41,ITAIPULANDIA
4115606,41,MATELANDIA
4115804,41,MEDIANEIRA
4116059,41,MISSAL
4121257,41,RAMILANDIA
4124053,41,SANTA TEREZINHA DE ITAIPU
4125704,41,SAO MIGUEL DO IGUACU
4126355,41,SERRANOPOLIS DO IGUACU
4128559,41,VERA CRUZ DO OESTE
4101002,41,AMPERE
4102752,41,BELA VISTA DA CAROBA
4104501,41,CAPANEMA
4119004,41,PEROLA D'OESTE
4119806,41,PLANALTO
4120358,41,PRANCHITA
4121406,41,REALEZA
4123808,41,SANTA IZABEL DO OESTE
4102604,41,BARRACAO
4103024,41,BOA ESPERANCA DO IGUACU
4103156,41,BOM JESUS DO SUL
4106571,41,CRUZEIRO DO IGUACU
4107207,41,DOIS VIZINHOS
4107405,41,ENEAS MARQUES
4107850,41,FLOR DA SERRA DO SUL
4108403,41,FRANCISCO BELTRAO
4114351,41,MANFRINOPOLIS
4115408,41,MARMELEIRO
4116950,41,NOVA ESPERANCA DO SUDOESTE
4117255,41,NOVA PRATA DO IGUACU
4119251,41,PINHAL DE SAO BENTO
4121604,41,RENASCENCA
4122800,41,SALGADO FILHO
4123006,41,SALTO DO LONTRA
4124400,41,SANTO ANTONIO DO SUDOESTE
4125209,41,SAO JORGE D'OESTE
4128609,41,VERE
4103222,41,BOM SUCESSO DO SUL
4105409,41,CHOPINZINHO
4106506,41,CORONEL VIVIDA
4111209,41,ITAPEJARA D'OESTE
4115309,41,MARIOPOLIS
4118501,41,PATO BRANCO
4124806,41,SAO JOAO
4126272,41,SAUDADE DO IGUACU
4126652,41,SULINA
4128708,41,VITORINO
4103040,41,BOA VENTURA DE SAO ROQUE
4113254,41,LARANJAL
4115739,41,MATO RICO
4117800,41,PALMITAL
4119608,41,PITANGA
4123857,41,SANTA MARIA DO OESTE
4103958,41,CAMPINA DO SIMAO
4104428,41,CANDOI
4104451,41,CANTAGALO
4107546,41,ESPIGAO ALTO DO IGUACU
4108452,41,FOZ DO JORDAO
4108650,41,GOIOXIM
4109401,41,GUARAPUAVA
4110201,41,INACIO MARTINS
4113304,41,LARANJEIRAS DO SUL
4115457,41,MARQUINHO
4117057,41,NOVA LARANJEIRAS
4119301,41,PINHAO
4120150,41,PORTO BARREIRO
4120903,41,QUEDAS DO IGUACU
4121752,41,RESERVA DO IGUACU
4122156,41,RIO BONITO DO IGUACU
4127965,41,TURVO
4128658,41,VIRMOND
4105706,41,CLEVELANDIA
4106456,41,CORONEL DOMINGOS SOARES
4109658,41,HONORIO SERPA
4114401,41,MANGUEIRINHA
4117602,41,PALMAS
4107736,41,FERNANDES PINHEIRO
4108957,41,GUAMIRANGA
4110102,41,IMBITUVA
4110508,41,IPIRANGA
4111407,41,IVAI
4120606,41,PRUDENTOPOLIS
4127007,41,TEIXEIRA SOARES
4110706,41,IRATI
4113908,41,MALLET
4121505,41,REBOUCAS
4122008,41,RIO AZUL
4102901,41,BITURUNA
4106803,41,CRUZ MACHADO
4108502,41,GENERAL CARNEIRO
4118600,41,PAULA FREITAS
4118709,41,PAULO FRONTIN
4120309,41,PORTO VITORIA
4128203,41,UNIAO DA VITORIA
4101309,41,ANTONIO OLINTO
4125100,41,SAO JOAO DO TRIUNFO
4125605,41,SAO MATEUS DO SUL
4100202,41,ADRIANOPOLIS
4105201,41,CERRO AZUL
4128633,41,DOUTOR ULYSSES
4113205,41,LAPA
4120101,41,PORTO AMAZONAS
4100400,41,ALMIRANTE TAMANDARE
4101804,41,ARAUCARIA
4102307,41,BALSA NOVA
4103107,41,BOCAIUVA DO SUL
4104006,41,CAMPINA GRANDE DO SUL
4104204,41,CAMPO LARGO
4104253,41,CAMPO MAGRO
4105805,41,COLOMBO
4106209,41,CONTENDA
4106902,41,CURITIBA
4107652,41,FAZENDA RIO GRANDE
4111258,41,ITAPERUCU
4114302,41,MANDIRITUBA
4119152,41,PINHAIS
4119509,41,PIRAQUARA
4120804,41,QUATRO BARRAS
4122206,41,RIO BRANCO DO SUL
4125506,41,SAO JOSE DOS PINHAIS
4127882,41,TUNAS DO PARANA
4101200,41,ANTONINA
4109500,41,GUARAQUECABA
4109609,41,GUARATUBA
4115705,41,MATINHOS
4116208,41,MORRETES
4118204,41,PARANAGUA
4119954,41,PONTAL DO PARANA
4100301,41,AGUDOS DO SUL
4104105,41,CAMPO DO TENENTE
4119103,41,PIEN
4121208,41,QUITANDINHA
4122305,41,RIO NEGRO
4127601,41,TIJUCAS DO SUL
4200804,42,ANCHIETA
4202081,42,BANDEIRANTE
4202099,42,BARRA BONITA
4202156,42,BELMONTE
4204905,42,DESCANSO
4205001,42,DIONISIO CERQUEIRA
4206405,42,GUARACIABA
4206603,42,GUARUJA DO SUL
4207650,42,IPORA DO OESTE
4208401,42,ITAPIRANGA
4211009,42,MONDAI
4212007,42,PALMA SOLA
4212239,42,PARAISO
4214151,42,PRINCESA
4215075,42,RIQUEZA
4215208,42,ROMELANDIA
4215554,42,SANTA HELENA
4216255,42,SAO JOAO DO OESTE
4216701,42,SAO JOSE DO CEDRO
4217204,42,SAO MIGUEL DO OESTE
4218756,42,TUNAPOLIS
4200507,42,AGUAS DE CHAPECO
4200556,42,AGUAS FRIAS
4202578,42,BOM JESUS DO OESTE
4203105,42,CAIBI
4203501,42,CAMPO ERE
4204103,42,CAXAMBU DO SUL
4204202,42,CHAPECO
4204350,42,CORDILHEIRA ALTA
4204400,42,CORONEL FREITAS
4204707,42,CUNHA PORA
4204756,42,CUNHATAI
4205357,42,FLOR DO SERTAO
4205431,42,FORMOSA DO SUL
4206652,42,GUATAMBU
4207759,42,IRACEMINHA
4207858,42,IRATI
4208955,42,JARDINOPOLIS
4210506,42,MARAVILHA
4210902,42,MODELO
4211405,42,NOVA ERECHIM
4211454,42,NOVA ITABERABA
4211652,42,NOVO HORIZONTE
4212106,42,PALMITOS
4212908,42,PINHALZINHO
4213153,42,PLANALTO ALEGRE
4214201,42,QUILOMBO
4215356,42,SALTINHO
4215687,42,SANTA TEREZINHA DO PROGRESSO
4215695,42,SANTIAGO DO SUL
4215752,42,SAO BERNARDINO
4216008,42,SAO CARLOS
4216909,42,SAO LOURENCO DO OESTE
4217154,42,SAO MIGUEL DA BOA VISTA
4217303,42,SAUDADES
4217550,42,SERRA ALTA
4217758,42,SUL BRASIL
4217956,42,TIGRINHOS
4218855,42,UNIAO DO OESTE
4200101,42,ABELARDO LUZ
4202537,42,BOM JESUS
4204459,42,CORONEL MARTINS
4205175,42,ENTRE RIOS
4205308,42,FAXINAL DOS GUEDES
4205605,42,GALVAO
4207684,42,IPUACU
4209177,42,JUPIA
4209458,42,LAJEADO GRANDE
4210555,42,MAREMA
4211850,42,OURO VERDE
4212270,42,PASSOS MAIA
4213401,42,PONTE SERRADA
4216107,42,SAO DOMINGOS
4219101,42,VARGEAO
4219507,42,XANXERE
4219705,42,XAXIM
4200408,42,AGUA DOCE
4201604,42,ARROIO TRINTA
4203006,42,CACADOR
4203154,42,CALMON
4203907,42,CAPINZAL
4204004,42,CATANDUVAS
4205209,42,ERVAL VELHO
4205506,42,FRAIBURGO
4206702,42,HERVAL D'OESTE
4206751,42,IBIAM
4206801,42,IBICARE
4207577,42,IOMERE
4208609,42,JABORA
4209003,42,JOACABA
4209201,42,LACERDOPOLIS
4209706,42,LEBON REGIS
4210035,42,LUZERNA
4210050,42,MACIEIRA
4210704,42,MATOS COSTA
4211801,42,OURO
4213005,42,PINHEIRO PRETO
4214409,42,RIO DAS ANTAS
4215406,42,SALTO VELOSO
4217907,42,TANGARA
4218509,42,TREZE TILIAS
4219176,42,VARGEM BONITA
4219309,42,VIDEIRA
4200754,42,ALTO BELA VISTA
4201273,42,ARABUTA
4201653,42,ARVOREDO
4204301,42,CONCORDIA
4207601,42,IPIRA
4207700,42,IPUMIRIM
4207809,42,IRANI
4208005,42,ITA
4209854,42,LINDOIA DO SUL
4211876,42,PAIAL
4212601,42,PERITIBA
4213104,42,PIRATUBA
4213906,42,PRESIDENTE CASTELLO BRANCO
4217501,42,SEARA
4219606,42,XAVANTINA
4202131,42,BELA VISTA DO TOLDO
4203808,42,CANOINHAS
4207908,42,IRINEOPOLIS
4208104,42,ITAIOPOLIS
4210100,42,MAFRA
4210308,42,MAJOR VIEIRA
4211108,42,MONTE CASTELO
4212205,42,PAPANDUVA
4213609,42,PORTO UNIAO
4215679,42,SANTA TEREZINHA
4218251,42,TIMBO GRANDE
4218301,42,TRES BARRAS
4203303,42,CAMPO ALEGRE
4215000,42,RIO NEGRINHO
4215802,42,SAO BENTO DO SUL
4201307,42,ARAQUARI
4202057,42,BALNEARIO BARRA DO SUL
4204509,42,CORUPA
4205803,42,GARUVA
4206504,42,GUARAMIRIM
4208450,42,ITAPOA
4208906,42,JARAGUA DO SUL
4209102,42,JOINVILLE
4210605,42,MASSARANDUBA
4216206,42,SAO FRANCISCO DO SUL
4217402,42,SCHROEDER
4200051,42,ABDON BATISTA
4202875,42,BRUNOPOLIS
4203600,42,CAMPOS NOVOS
4204806,42,CURITIBANOS
4205555,42,FREI ROGERIO
4211058,42,MONTE CARLO
4213302,42,PONTE ALTA
4213351,42,PONTE ALTA DO NORTE
4215505,42,SANTA CECILIA
4216057,42,SAO CRISTOVAO DO SUL
4219150,42,VARGEM
4219853,42,ZORTEA
4201000,42,ANITA GARIBALDI
4202438,42,BOCAINA DO SUL
4202503,42,BOM JARDIM DA SERRA
4202602,42,BOM RETIRO
4203253,42,CAPAO ALTO
4203402,42,CAMPO BELO DO SUL
4204152,42,CELSO RAMOS
4204178,42,CERRO NEGRO
4204558,42,CORREIA PINTO
4209300,42,LAGES
4211751,42,OTACILIO COSTA
4211892,42,PAINEL
4212056,42,PALMEIRA
4215059,42,RIO RUFINO
4216503,42,SAO JOAQUIM
4216800,42,SAO JOSE DO CERRITO
4218905,42,URUBICI
4218954,42,URUPEMA
4200309,42,AGRONOMICA
4201901,42,AURORA
4202859,42,BRACO DO TROMBUDO
4205100,42,DONA EMMA
4206900,42,IBIRAMA
4209151,42,JOSE BOITEUX
4209508,42,LAURENTINO
4209904,42,LONTRAS
4210852,42,MIRIM DOCE
4213708,42,POUSO REDONDO
4214003,42,PRESIDENTE GETULIO
4214102,42,PRESIDENTE NEREU
4214508,42,RIO DO CAMPO
4214607,42,RIO DO OESTE
4214805,42,RIO DO SUL
4215307,42,SALETE
4217808,42,TAIO
4218608,42,TROMBUDO CENTRAL
4219358,42,VITOR MEIRELES
4219408,42,WITMARSUM
4201257,42,APIUNA
4201703,42,ASCURRA
4202206,42,BENEDITO NOVO
4202404,42,BLUMENAU
4202701,42,BOTUVERA
4202909,42,BRUSQUE
4205159,42,DOUTOR PEDRINHO
4205902,42,GASPAR
4206306,42,GUABIRUBA
4207502,42,INDAIAL
4210001,42,LUIZ ALVES
4213203,42,POMERODE
4214706,42,RIO DOS CEDROS
4215109,42,RODEIO
4218202,42,TIMBO
4202008,42,BALNEARIO CAMBORIU
4202107,42,BARRA VELHA
4202453,42,BOMBINHAS
4203204,42,CAMBORIU
4207106,42,ILHOTA
4208203,42,ITAJAI
4208302,42,ITAPEMA
4211306,42,NAVEGANTES
4212502,42,PENHA
4212809,42,BALNEARIO PICARRAS
4213500,42,PORTO BELO
4216354,42,SAO JOAO DO ITAPERIU
4200200,42,AGROLANDIA
4201802,42,ATALANTA
4204194,42,CHAPADAO DO LAGEADO
4207403,42,IMBUIA
4208500,42,ITUPORANGA
4212700,42,PETROLANDIA
4219200,42,VIDAL RAMOS
4200903,42,ANGELINA
4203709,42,CANELINHA
4209805,42,LEOBERTO LEAL
4210209,42,MAJOR GERCINO
4211504,42,NOVA TRENTO
4216305,42,SAO JOAO BATISTA
4218004,42,TIJUCAS
4201208,42,ANTONIO CARLOS
4202305,42,BIGUACU
4205407,42,FLORIANOPOLIS
4206009,42,GOVERNADOR CELSO RAMOS
4211900,42,PALHOCA
4212304,42,PAULO LOPES
4215703,42,SANTO AMARO DA IMPERATRIZ
4216602,42,SAO JOSE
4217253,42,SAO PEDRO DE ALCANTARA
4200606,42,AGUAS MORNAS
4200705,42,ALFREDO WAGNER
4201109,42,ANITAPOLIS
4214300,42,RANCHO QUEIMADO
4215901,42,SAO BONIFACIO
4201505,42,ARMAZEM
4202800,42,BRACO DO NORTE
4203956,42,CAPIVARI DE BAIXO
4205704,42,GAROPABA
4206108,42,GRAO PARA
4206207,42,GRAVATAL
4207205,42,IMARUI
4207304,42,IMBITUBA
4208807,42,JAGUARUNA
4209409,42,LAGUNA
4211702,42,ORLEANS
4212403,42,PEDRAS GRANDES
4214904,42,RIO FORTUNA
4215455,42,SANGAO
4215604,42,SANTA ROSA DE LIMA
4217006,42,SAO LUDGERO
4217105,42,SAO MARTINHO
4218400,42,TREZE DE MAIO
4218707,42,TUBARAO
4204251,42,COCAL DO SUL
4204608,42,CRICIUMA
4205456,42,FORQUILHINHA
4207007,42,ICARA
4209607,42,LAURO MULLER
4211207,42,MORRO DA FUMACA
4211603,42,NOVA VENEZA
4217600,42,SIDEROPOLIS
4218350,42,TREVISO
4219002,42,URUSSANGA
4201406,42,ARARANGUA
4201950,42,BALNEARIO ARROIO DO SILVA
4202073,42,BALNEARIO GAIVOTA
4205191,42,ERMO
4208708,42,JACINTO MACHADO
4210407,42,MARACAJA
4210803,42,MELEIRO
4211256,42,MORRO GRANDE
4212254,42,PASSO DE TORRES
4213807,42,PRAIA GRANDE
4215653,42,SANTA ROSA DO SUL
4216404,42,SAO JOAO DO SUL
4217709,42,SOMBRIO
4218103,42,TIMBE DO SUL
4218806,42,TURVO
4300307,43,ALECRIM
4304309,43,CANDIDO GODOI
4310405,43,INDEPENDENCIA
4313425,43,NOVO MACHADO
4315008,43,PORTO LUCENA
4315057,43,PORTO MAUA
4315073,43,PORTO VERA CRUZ
4317202,43,SANTA ROSA
4317905,43,SANTO CRISTO
4318499,43,SAO JOSE DO INHACORA
4321808,43,TRES DE MAIO
4322103,43,TUCUNDUVA
4322301,43,TUPARENDI
4301859,43,BARRA DO GUARITA
4302204,43,BOA VISTA DO BURICA
4302378,43,BOM PROGRESSO
4302600,43,BRAGA
4304002,43,CAMPO NOVO
4306007,43,CRISSIUMAL
4306320,43,DERRUBADAS
4306734,43,DOUTOR MAURICIO CARDOSO
4307450,43,ESPERANCA DO SUL
4309605,43,HORIZONTINA
4309704,43,HUMAITA
4312302,43,MIRAGUAI
4313011,43,NOVA CANDELARIA
4315404,43,REDENTORA
4319109,43,SAO MARTINHO
4320230,43,SEDE NOVA
4321402,43,TENENTE PORTELA
4321477,43,TIRADENTES DO SUL
4321907,43,TRES PASSOS
4323705,43,VISTA GAUCHA
4300505,43,ALPESTRE
4300646,43,AMETISTA DO SUL
4303400,43,CAICARA
4305801,43,CONSTANTINA
4306072,43,CRISTAL DO SUL
4306429,43,DOIS IRMAOS DAS MISSOES
4306924,43,ENGENHO VELHO
4307302,43,ERVAL SECO
4308508,43,FREDERICO WESTPHALEN
4309126,43,GRAMADO DOS LOUREIROS
4310504,43,IRAI
4311601,43,LIBERATO SALZANO
4312708,43,NONOAI
4313441,43,NOVO TIRADENTES
4313466,43,NOVO XINGU
4313805,43,PALMITINHO
4314498,43,PINHEIRINHO DO VALE
4314704,43,PLANALTO
4315552,43,RIO DOS INDIOS
4315909,43,RODEIO BONITO
4316204,43,RONDINHA
4320206,43,SEBERI
4321329,43,TAQUARUCU DO SUL
4321857,43,TRES PALMEIRAS
4321956,43,TRINDADE DO SUL
4323101,43,VICENTE DUTRA
4323507,43,VISTA ALEGRE
4300901,43,ARATIBA
4301552,43,AUREA
4301701,43,BARAO DE COTEGIPE
4301925,43,BARRA DO RIO AZUL
4302055,43,BENJAMIN CONSTANT DO SUL
4303806,43,CAMPINAS DO SUL
4304853,43,CARLOS GOMES
4305116,43,CENTENARIO
4306130,43,CRUZALTENSE
4306957,43,ENTRE RIOS DO SUL
4306973,43,EREBANGO
4307005,43,ERECHIM
4307203,43,ERVAL GRANDE
4307559,43,ESTACAO
4308052,43,FAXINALZINHO
4308250,43,FLORIANO PEIXOTO
4308706,43,GAURAMA
4308904,43,GETULIO VARGAS
4310462,43,IPIRANGA DO SUL
4310702,43,ITATIBA DO SUL
4310900,43,JACUTINGA
4311908,43,MARCELINO RAMOS
4312005,43,MARIANO MORO
4314134,43,PAULO BENTO
4314787,43,PONTE PRETA
4315313,43,QUATRO IRMAOS
4319703,43,SAO VALENTIM
4320602,43,SEVERIANO DE ALMEIDA
4321634,43,TRES ARROIOS
4322905,43,VIADUTOS
4301800,43,BARRACAO
4303202,43,CACIQUE DOBLE
4309803,43,IBIACA
4311700,43,MACHADINHO
4312203,43,MAXIMILIANO DE ALMEIDA
4313607,43,PAIM FILHO
4316600,43,SANANDUVA
4317954,43,SANTO EXPEDITO DO SUL
4318424,43,SAO JOAO DA URTIGA
4318606,43,SAO JOSE DO OURO
4322186,43,TUPANCI DO SUL
4303301,43,CAIBATE
4303707,43,CAMPINA DAS MISSOES
4305207,43,CERRO LARGO
4309506,43,GUARANI DAS MISSOES
4312179,43,MATO QUEIMADO
4315107,43,PORTO XAVIER
4316303,43,ROQUE GONZALES
4316477,43,SALVADOR DAS MISSOES
4319307,43,SAO PAULO DAS MISSOES
4319372,43,SAO PEDRO DO BUTIA
4320578,43,SETE DE SETEMBRO
4302501,43,BOSSOROCA
4305009,43,CATUIPE
4306353,43,DEZESSEIS DE NOVEMBRO
4306932,43,ENTRE-IJUIS
4307831,43,EUGENIO DE CASTRO
4309001,43,GIRUA
4314555,43,PIRAPO
4315958,43,ROLADOR
4317509,43,SANTO ANGELO
4317707,43,SANTO ANTONIO DAS MISSOES
4318903,43,SAO LUIZ GONZAGA
4319158,43,SAO MIGUEL DAS MISSOES
4319208,43,SAO NICOLAU
4320321,43,SENADOR SALGADO FILHO
4322343,43,UBIRETAMA
4323754,43,VITORIA DAS MISSOES
4300208,43,AJURICABA
4300455,43,ALEGRIA
4301503,43,AUGUSTO PESTANA
4302584,43,BOZANO
4305405,43,CHIAPETTA
4305702,43,CONDOR
4305871,43,CORONEL BARROS
4305900,43,CORONEL BICACO
4310207,43,IJUI
4310413,43,INHACORA
4313334,43,NOVA RAMADA
4313904,43,PANAMBI
4314308,43,PEJUCARA
4317806,43,SANTO AUGUSTO
4319737,43,SAO VALERIO DO SUL
4300471,43,ALMIRANTE TAMANDARE DO SUL
4301958,43,BARRA FUNDA
4302154,43,BOA VISTA DAS MISSOES
4304705,43,CARAZINHO
4305157,43,CERRO GRANDE
4305306,43,CHAPADA
4305850,43,COQUEIROS DO SUL
4310850,43,JABOTICABA
4311429,43,LAJEADO DO BUGRE
4312955,43,NOVA BOA VISTA
4313490,43,NOVO BARREIRO
4313706,43,PALMEIRA DAS MISSOES
4314456,43,PINHAL
4316428,43,SAGRADA FAMILIA
4317756,43,SANTO ANTONIO DO PLANALTO
4318457,43,SAO JOSE DAS MISSOES
4319364,43,SAO PEDRO DAS MISSOES
4320107,43,SARANDI
4300059,43,AGUA SANTA
4303558,43,CAMARGO
4304903,43,CASCA
4304952,43,CASEIROS
4305371,43,CHARRUA
4305504,43,CIRIACO
4305975,43,COXILHA
4306304,43,DAVID CANABARRO
4307054,43,ERNESTINA
4308854,43,GENTIL
4309902,43,IBIRAIARAS
4311809,43,MARAU
4312138,43,MATO CASTELHANO
4312625,43,MULITERNO
4312674,43,NICOLAU VERGUEIRO
4314100,43,PASSO FUNDO
4314779,43,PONTAO
4316105,43,RONDA ALTA
4316733,43,SANTA CECILIA DO SUL
4317558,43,SANTO ANTONIO DO PALMA
4318051,43,SAO DOMINGOS DO SUL
4320503,43,SERTAO
4320909,43,TAPEJARA
4322558,43,VANINI
4323358,43,VILA LANGARO
4323408,43,VILA MARIA
4300554,43,ALTO ALEGRE
4302220,43,BOA VISTA DO CADEADO
4302238,43,BOA VISTA DO INCRA
4304101,43,CAMPOS BORGES
4306106,43,CRUZ ALTA
4307500,43,ESPUMOSO
4308458,43,FORTALEZA DOS VALOS
4310009,43,IBIRUBA
4310876,43,JACUIZINHO
4311155,43,JOIA
4315354,43,QUINZE DE NOVEMBRO
4316436,43,SALDANHA MARINHO
4316451,43,SALTO DO JACUI
4316709,43,SANTA BARBARA DO SUL
4305603,43,COLORADO
4311270,43,LAGOA DOS TRES CANTOS
4312658,43,NAO-ME-TOQUE
4320305,43,SELBACH
4321006,43,TAPERA
4321469,43,TIO HUGO
4323200,43,VICTOR GRAEFF
4302006,43,BARROS CASSAL
4308300,43,FONTOURA XAVIER
4309951,43,IBIRAPUITA
4311254,43,LAGOAO
4312427,43,MORMACO
4318465,43,SAO JOSE DO HERVAL
4320800,43,SOLEDADE
4322152,43,TUNAS
4300661,43,ANDRE DA ROCHA
4300703,43,ANTA GORDA
4301404,43,ARVOREZINHA
4306452,43,DOIS LAJEADOS
4309258,43,GUABIJU
4309407,43,GUAPORE
4310306,43,ILOPOLIS
4310579,43,ITAPUCA
4312351,43,MONTAURI
4312757,43,NOVA ALVORADA
4312807,43,NOVA ARACA
4312906,43,NOVA BASSANO
4313300,43,NOVA PRATA
4314001,43,PARAI
4315172,43,PROTASIO ALVES
4315206,43,PUTINGA
4318440,43,SAO JORGE
4319711,43,SAO VALENTIM DO SUL
4320404,43,SERAFINA CORREA
4322350,43,UNIAO DA SERRA
4323606,43,VISTA ALEGRE DO PRATA
4302303,43,BOM JESUS
4303608,43,CAMBARA DO SUL
4303673,43,CAMPESTRE DA SERRA
4304622,43,CAPAO BONITO DO SUL
4307401,43,ESMERALDA
4310439,43,IPE
4311122,43,JAQUIRANA
4311304,43,LAGOA VERMELHA
4312377,43,MONTE ALEGRE DOS CAMPOS
4312617,43,MUITOS CAPOES
4314464,43,PINHAL DA SERRA
4318200,43,SAO FRANCISCO DE PAULA
4318622,43,SAO JOSE DOS AUSENTES
4322509,43,VACARIA
4300802,43,ANTONIO PRADO
4302105,43,BENTO GONCALVES
4302253,43,BOA VISTA DO SUL
4304804,43,CARLOS BARBOSA
4305108,43,CAXIAS DO SUL
4305934,43,CORONEL PILAR
4305959,43,COTIPORA
4307864,43,FAGUNDES VARELA
4307906,43,FARROUPILHA
4308201,43,FLORES DA CUNHA
4308607,43,GARIBALDI
4312385,43,MONTE BELO DO SUL
4313086,43,NOVA PADUA
4313359,43,NOVA ROMA DO SUL
4317251,43,SANTA TEREZA
4319000,43,SAO MARCOS
4322806,43,VERANOPOLIS
4323309,43,VILA FLORES
4304655,43,CAPAO DO CIPO
4310553,43,ITACURUBI
4311130,43,JARI
4311205,43,JULIO DE CASTILHOS
4314472,43,PINHAL GRANDE
4315321,43,QUEVEDOS
4317400,43,SANTIAGO
4322202,43,TUPANCIRETA
4322376,43,UNISTALDA
4302907,43,CACEQUI
4306379,43,DILERMANDO DE AGUIAR
4310538,43,ITAARA
4311106,43,JAGUARI
4312104,43,MATA
4313037,43,NOVA ESPERANCA DO SUL
4316907,43,SANTA MARIA
4319125,43,SAO MARTINHO DA SERRA
4319406,43,SAO PEDRO DO SUL
4319604,43,SAO SEPE
4319802,43,SAO VICENTE DO SUL
4321493,43,TOROPI
4323457,43,VILA NOVA DO SUL
4300109,43,AGUDO
4306700,43,DONA FRANCISCA
4308003,43,FAXINAL DO SOTURNO
4308409,43,FORMIGUEIRO
4310751,43,IVORA
4313102,43,NOVA PALMA
4315503,43,RESTINGA SECA
4318432,43,SAO JOAO DO POLESINE
4320651,43,SILVEIRA MARTINS
4301206,43,ARROIO DO TIGRE
4304200,43,CANDELARIA
4307815,43,ESTRELA VELHA
4309159,43,GRAMADO XAVIER
4309571,43,HERVEIRAS
4309753,43,IBARAMA
4311239,43,LAGOA BONITA DO SUL
4312153,43,MATO LEITAO
4314068,43,PASSA SETE
4316808,43,SANTA CRUZ DO SUL
4320263,43,SEGREDO
4320677,43,SINIMBU
4320701,43,SOBRADINHO
4322533,43,VALE DO SOL
4322608,43,VENANCIO AIRES
4322707,43,VERA CRUZ
4301008,43,ARROIO DO MEIO
4302402,43,BOM RETIRO DO SUL
4302451,43,BOQUEIRAO DO LEAO
4304614,43,CANUDOS DO VALE
3514304,35,DOURADO
3519303,35,IBATE
3542909,35,RIBEIRAO BONITO
3548906,35,SAO CARLOS
3507902,35,BROTAS
3512704,35,CORUMBATAI
3521101,35,IPEUNA
3523602,35,ITIRAPINA
3543907,35,RIO CLARO
3554706,35,TORRINHA
3503307,35,ARARAS
3512209,35,CONCHAL
3512407,35,CORDEIROPOLIS
3521408,35,IRACEMAPOLIS
3526704,35,LEME
3526902,35,LIMEIRA
3546207,35,SANTA CRUZ DA CONCEICAO
3546702,35,SANTA GERTRUDES
3500600,35,AGUAS DE SAO PEDRO
3510401,35,CAPIVARI
3511706,35,CHARQUEADA
3525854,35,JUMIRIM
3530904,35,MOMBUCA
3538709,35,PIRACICABA
3542107,35,RAFARD
3544004,35,RIO DAS PEDRAS
3545159,35,SALTINHO
3547007,35,SANTA MARIA DA SERRA
3550407,35,SAO PEDRO
3554508,35,TIETE
3500303,35,AGUAI
3539301,35,PIRASSUNUNGA
3540705,35,PORTO FERREIRA
3546306,35,SANTA CRUZ DAS PALMEIRAS
3500402,35,AGUAS DA PRATA
3508702,35,CACONDE
3510807,35,CASA BRANCA
3513900,35,DIVINOLANDIA
3515186,35,ESPIRITO SANTO DO PINHAL
3523800,35,ITOBI
3530508,35,MOCOCA
3548104,35,SANTO ANTONIO DO JARDIM
3549102,35,SAO JOAO DA BOA VISTA
3549706,35,SAO JOSE DO RIO PARDO
3550803,35,SAO SEBASTIAO DA GRAMA
3553302,35,TAMBAU
3553609,35,TAPIRATIBA
3556404,35,VARGEM GRANDE DO SUL
3503802,35,ARTUR NOGUEIRA
3515152,35,ENGENHEIRO COELHO
3522604,35,ITAPIRA
3530706,35,MOGI GUACU
3530805,35,MOGI MIRIM
3548005,35,SANTO ANTONIO DE POSSE
3557303,35,ESTIVA GERBI
3501608,35,AMERICANA
3509502,35,CAMPINAS
3512803,35,COSMOPOLIS
3514908,35,ELIAS FAUSTO
3519055,35,HOLAMBRA
3519071,35,HORTOLANDIA
3520509,35,INDAIATUBA
3524709,35,JAGUARIUNA
3531803,35,MONTE MOR
3533403,35,NOVA ODESSA
3536505,35,PAULINIA
3537107,35,PEDREIRA
3545803,35,SANTA BARBARA D'OESTE
3552403,35,SUMARE
3556206,35,VALINHOS
3556701,35,VINHEDO
3500501,35,AGUAS DE LINDOIA
3501905,35,AMPARO
3527009,35,LINDOIA
3531209,35,MONTE ALEGRE DO SUL
3536802,35,PEDRA BELA
3538204,35,PINHALZINHO
3551603,35,SERRA NEGRA
3552106,35,SOCORRO
3514403,35,DRACENA
3526001,35,JUNQUEIROPOLIS
3531605,35,MONTE CASTELO
3533106,35,NOVA GUATAPORANGA
3534807,35,OURO VERDE
3535408,35,PANORAMA
3536406,35,PAULICEIA
3547106,35,SANTA MERCEDES
3549300,35,SAO JOAO DO PAU D'ALHO
3555109,35,TUPI PAULISTA
3500105,35,ADAMANTINA
3515806,35,FLORA RICA
3516002,35,FLORIDA PAULISTA
3520806,35,INUBIA PAULISTA
3521606,35,IRAPURU
3527405,35,LUCELIA
3528908,35,MARIAPOLIS
3534609,35,OSVALDO CRUZ
3534906,35,PACAEMBU
3536000,35,PARAPUA
3540853,35,PRACINHA
3543808,35,RINOPOLIS
3544707,35,SAGRES
3545100,35,SALMOURAO
3500808,35,ALFREDO MARCONDES
3501301,35,ALVARES MACHADO
3502408,35,ANHUMAS
3508900,35,CAIABU
3509106,35,CAIUA
3515129,35,EMILIANOPOLIS
3515301,35,ESTRELA DO NORTE
3515350,35,EUCLIDES DA CUNHA PAULISTA
3520608,35,INDIANA
3525607,35,JOAO RAMALHO
3528700,35,MARABA PAULISTA
3529203,35,MARTINOPOLIS
3530201,35,MIRANTE DO PARANAPANEMA
3532207,35,NARANDIBA
3538303,35,PIQUEROBI
3539202,35,PIRAPOZINHO
3541208,35,PRESIDENTE BERNARDES
3541307,35,PRESIDENTE EPITACIO
3541406,35,PRESIDENTE PRUDENTE
3541505,35,PRESIDENTE VENCESLAU
3542206,35,RANCHARIA
3542404,35,REGENTE FEIJO
3543238,35,RIBEIRAO DOS INDIOS
3544251,35,ROSANA
3545506,35,SANDOVALINA
3547700,35,SANTO ANASTACIO
3548302,35,SANTO EXPEDITO
3552908,35,TACIBA
3553906,35,TARABAI
3554300,35,TEODORO SAMPAIO
3503356,35,ARCO-IRIS
3505807,35,BASTOS
3519006,35,HERCULANDIA
3519204,35,IACRI
3541802,35,QUEIROZ
3542008,35,QUINTANA
3555000,35,TUPA
3501400,35,ALVARO DE CARVALHO
3501509,35,ALVINLANDIA
3514700,35,ECHAPORA
3515657,35,FERNAO
3516606,35,GALIA
3516705,35,GARCA
3527801,35,LUPERCIO
3529005,35,MARILIA
3533700,35,OCAUCU
3534104,35,ORIENTE
3534500,35,OSCAR BRESSANE
3540002,35,POMPEIA
3556602,35,VERA CRUZ
3504008,35,ASSIS
3507209,35,BORA
3509809,35,CAMPOS NOVOS PAULISTA
3510005,35,CANDIDO MOTA
3513306,35,CRUZALIA
3516101,35,FLORINIA
3519501,35,IBIRAREMA
3519907,35,IEPE
3527900,35,LUTECIA
3528809,35,MARACAI
3532157,35,NANTES
3535309,35,PALMITAL
3535507,35,PARAGUACU PAULISTA
3537156,35,PEDRINHAS PAULISTA
3539707,35,PLATINA
3541703,35,QUATA
3553955,35,TARUMA
3506300,35,BERNARDINO DE CAMPOS
3510153,35,CANITAR
3515194,35,ESPIRITO SANTO DO TURVO
3515400,35,FARTURA
3520905,35,IPAUSSU
3528601,35,MANDURI
3533809,35,OLEO
3534708,35,OURINHOS
3538808,35,PIRAJU
3543204,35,RIBEIRAO DO SUL
3545407,35,SALTO GRANDE
3546405,35,SANTA CRUZ DO RIO PARDO
3550506,35,SAO PEDRO DO TURVO
3551207,35,SARUTAIA
3553005,35,TAGUAI
3554201,35,TEJUPA
3554607,35,TIMBURI
3557204,35,CHAVANTES
3505005,35,BARAO DE ANTONINA
3507159,35,BOM SUCESSO DE ITARARE
3508009,35,BURI
3512605,35,CORONEL MACEDO
3521705,35,ITABERA
3522406,35,ITAPEVA
3522802,35,ITAPORANGA
3523206,35,ITARARE
3532827,35,NOVA CAMPINA
3543501,35,RIVERSUL
3553807,35,TAQUARITUBA
3553856,35,TAQUARIVAI
3500758,35,ALAMBARI
3502200,35,ANGATUBA
3509452,35,CAMPINA DO MONTE ALEGRE
3518503,35,GUAREI
3522307,35,ITAPETININGA
3507001,35,BOITUVA
3511508,35,CERQUILHO
3511607,35,CESARIO LANGE
3526407,35,LARANJAL PAULISTA
3537503,35,PEREIRAS
3540507,35,PORANGABA
3541653,35,QUADRA
3554003,35,TATUI
3554656,35,TORRE DE PEDRA
3502705,35,APIAI
3505351,35,BARRA DO CHAPEU
3510203,35,CAPAO BONITO
3517604,35,GUAPIARA
3521200,35,IPORANGA
3522158,35,ITAOCA
3522653,35,ITAPIRAPUA PAULISTA
3542800,35,RIBEIRA
3543006,35,RIBEIRAO BRANCO
3543253,35,RIBEIRAO GRANDE
3519709,35,IBIUNA
3537800,35,PIEDADE
3537909,35,PILAR DO SUL
3550209,35,SAO MIGUEL ARCANJO
3553500,35,TAPIRAI
3501152,35,ALUMINIO
3502754,35,ARACARIGUAMA
3502903,35,ARACOIABA DA SERRA
3508405,35,CABREUVA
3510302,35,CAPELA DO ALTO
3521002,35,IPERO
3523909,35,ITU
3528403,35,MAIRINQUE
3540606,35,PORTO FELIZ
3545209,35,SALTO
3545308,35,SALTO DE PIRAPORA
3550605,35,SAO ROQUE
3551108,35,SARAPUI
3552205,35,SOROCABA
3557006,35,VOTORANTIM
3509601,35,CAMPO LIMPO PAULISTA
3524006,35,ITUPEVA
3525904,35,JUNDIAI
3527306,35,LOUVEIRA
3556503,35,VARZEA PAULISTA
3504107,35,ATIBAIA
3507100,35,BOM JESUS DOS PERDOES
3507605,35,BRAGANCA PAULISTA
3523404,35,ITATIBA
3525201,35,JARINU
3525508,35,JOANOPOLIS
3532009,35,MORUNGABA
3532405,35,NAZARE PAULISTA
3538600,35,PIRACAIA
3554953,35,TUIUTI
3556354,35,VARGEM
3509700,35,CAMPOS DO JORDAO
3531704,35,MONTEIRO LOBATO
3548203,35,SANTO ANTONIO DO PINHAL
3548609,35,SAO BENTO DO SAPUCAI
3508504,35,CACAPAVA
3520202,35,IGARATA
3524402,35,JACAREI
3538006,35,PINDAMONHANGABA
3546009,35,SANTA BRANCA
3549904,35,SAO JOSE DOS CAMPOS
3554102,35,TAUBATE
3554805,35,TREMEMBE
3502507,35,APARECIDA
3508603,35,CACHOEIRA PAULISTA
3509957,35,CANAS
3513405,35,CRUZEIRO
3518404,35,GUARATINGUETA
3526605,35,LAVRINHAS
3527207,35,LORENA
3538501,35,PIQUETE
3540754,35,POTIM
3541901,35,QUELUZ
4111704,41,JABOTI
4304697,43,CAPITAO
4305587,43,COLINAS
4305835,43,COQUEIRO BAIXO
4306205,43,CRUZEIRO DO SUL
4306759,43,DOUTOR RICARDO
4306809,43,ENCANTADO
4307807,43,ESTRELA
4308078,43,FAZENDA VILANOVA
4308433,43,FORQUETINHA
4310363,43,IMIGRANTE
4311403,43,LAJEADO
4312054,43,MARQUES DE SOUZA
4312609,43,MUCUM
4313003,43,NOVA BRESCIA
4314159,43,PAVERAMA
4315131,43,POUSO NOVO
4315156,43,PROGRESSO
4315453,43,RELVADO
4315800,43,ROCA SALES
4316758,43,SANTA CLARA DO SUL
4320453,43,SERIO
4320859,43,TABAI
4321303,43,TAQUARI
4321451,43,TEUTONIA
4321626,43,TRAVESSEIRO
4322855,43,VESPASIANO CORREA
4323770,43,WESTFALIA
4303004,43,CACHOEIRA DO SUL
4305132,43,CERRO BRANCO
4313391,43,NOVO CABRAIS
4313953,43,PANTANO GRANDE
4314027,43,PARAISO DO SUL
4314076,43,PASSO DO SOBRADO
4315701,43,RIO PARDO
4300570,43,ALTO FELIZ
4301651,43,BARAO
4302352,43,BOM PRINCIPIO
4302659,43,BROCHIER
4304689,43,CAPELA DE SANTANA
4308102,43,FELIZ
4309555,43,HARMONIA
4311643,43,LINHA NOVA
4311791,43,MARATA
4312401,43,MONTENEGRO
4314035,43,PARECI NOVO
4314753,43,POCO DAS ANTAS
4314803,43,PORTAO
4316501,43,SALVADOR DO SUL
4318481,43,SAO JOSE DO HORTENCIO
4318614,43,SAO JOSE DO SUL
4319356,43,SAO PEDRO DA SERRA
4319505,43,SAO SEBASTIAO DO CAI
4319752,43,SAO VENDELINO
4322251,43,TUPANDI
4322541,43,VALE REAL
4304408,43,CANELA
4306403,43,DOIS IRMAOS
4309100,43,GRAMADO
4310108,43,IGREJINHA
4310801,43,IVOTI
4311627,43,LINDOLFO COLLOR
4312476,43,MORRO REUTER
4313201,43,NOVA PETROPOLIS
4314423,43,PICADA CAFE
4315149,43,PRESIDENTE LUCENA
4315750,43,RIOZINHO
4316006,43,ROLANTE
4316956,43,SANTA MARIA DO HERVAL
4321204,43,TAQUARA
4321709,43,TRES COROAS
4301107,43,ARROIO DOS RATOS
4301750,43,BARAO DO TRIUNFO
4302709,43,BUTIA
4305355,43,CHARQUEADAS
4308805,43,GENERAL CAMARA
4312252,43,MINAS DO LEAO
4318408,43,SAO JERONIMO
4322004,43,TRIUNFO
4322525,43,VALE VERDE
4300604,43,ALVORADA
4300877,43,ARARICA
4303103,43,CACHOEIRINHA
4303905,43,CAMPO BOM
4304606,43,CANOAS
4306767,43,ELDORADO DO SUL
4307609,43,ESTANCIA VELHA
4307708,43,ESTEIO
4309050,43,GLORINHA
4309209,43,GRAVATAI
4309308,43,GUAIBA
4311981,43,MARIANA PIMENTEL
4313060,43,NOVA HARTZ
4313375,43,NOVA SANTA RITA
4313409,43,NOVO HAMBURGO
4314050,43,PAROBE
4314902,43,PORTO ALEGRE
4318705,43,SAO LEOPOLDO
4319901,43,SAPIRANGA
4320008,43,SAPUCAIA DO SUL
4320552,43,SERTAO SANTANA
4323002,43,VIAMAO
4301057,43,ARROIO DO SAL
4301636,43,BALNEARIO PINHAL
4304630,43,CAPAO DA CANOA
4304671,43,CAPIVARI DO SUL
4304713,43,CARAA
4305454,43,CIDREIRA
4306551,43,DOM PEDRO DE ALCANTARA
4310330,43,IMBE
4310652,43,ITATI
4311734,43,MAMPITUBA
4311775,43,MAQUINE
4312443,43,MORRINHOS DO SUL
4312500,43,MOSTARDAS
4313508,43,OSORIO
4313656,43,PALMARES DO SUL
4317608,43,SANTO ANTONIO DA PATRULHA
4321352,43,TAVARES
4321436,43,TERRA DE AREIA
4321501,43,TORRES
4321600,43,TRAMANDAI
4321667,43,TRES CACHOEIRAS
4321832,43,TRES FORQUILHAS
4323804,43,XANGRI-LA
4300851,43,ARAMBARE
4301909,43,BARRA DO RIBEIRO
4303509,43,CAMAQUA
4305173,43,CERRO GRANDE DO SUL
4305447,43,CHUVISCA
4306502,43,DOM FELICIANO
4320354,43,SENTINELA DO SUL
4321105,43,TAPES
4300406,43,ALEGRETE
4301875,43,BARRA DO QUARAI
4308656,43,GARRUCHOS
4310603,43,ITAQUI
4311718,43,MACAMBARA
4311759,43,MANOEL VIANA
4315305,43,QUARAI
4318002,43,SAO BORJA
4318101,43,SAO FRANCISCO DE ASSIS
4322400,43,URUGUAIANA
4316402,43,ROSARIO DO SUL
4316972,43,SANTA MARGARIDA DO SUL
4317103,43,SANTANA DO LIVRAMENTO
4318309,43,SAO GABRIEL
4300034,43,ACEGUA
4301602,43,BAGE
4306601,43,DOM PEDRITO
4309654,43,HULHA NEGRA
4311502,43,LAVRAS DO SUL
4300638,43,AMARAL FERRADOR
4302808,43,CACAPAVA DO SUL
4304358,43,CANDIOTA
4306908,43,ENCRUZILHADA DO SUL
4314175,43,PEDRAS ALTAS
4314506,43,PINHEIRO MACHADO
4314605,43,PIRATINI
4317004,43,SANTANA DA BOA VISTA
4301073,43,ARROIO DO PADRE
4304507,43,CANGUCU
4304663,43,CAPAO DO LEAO
4305124,43,CERRITO
4306056,43,CRISTAL
4312450,43,MORRO REDONDO
4314209,43,PEDRO OSORIO
4314407,43,PELOTAS
4318804,43,SAO LOURENCO DO SUL
4322327,43,TURUCU
4301305,43,ARROIO GRANDE
4307104,43,HERVAL
4311007,43,JAGUARAO
4305439,43,CHUI
4315602,43,RIO GRANDE
4317301,43,SANTA VITORIA DO PALMAR
4318507,43,SAO JOSE DO NORTE
5003207,50,CORUMBA
5005202,50,LADARIO
5006903,50,PORTO MURTINHO
5000708,50,ANASTACIO
5001102,50,AQUIDAUANA
5003488,50,DOIS IRMAOS DO BURITI
5005608,50,MIRANDA
5000252,50,ALCINOPOLIS
5002605,50,CAMAPUA
5003306,50,COXIM
5003900,50,FIGUEIRAO
5006408,50,PEDRO GOMES
5007406,50,RIO VERDE DE MATO GROSSO
5007695,50,SAO GABRIEL DO OESTE
5007935,50,SONORA
5001508,50,BANDEIRANTES
5002704,50,CAMPO GRANDE
5003108,50,CORGUINHO
5004908,50,JARAGUARI
5007307,50,RIO NEGRO
5007505,50,ROCHEDO
5007901,50,SIDROLANDIA
5008008,50,TERENOS
5002902,50,CASSILANDIA
5002951,50,CHAPADAO DO SUL
5003256,50,COSTA RICA
5001003,50,APARECIDA DO TABOADO
5004403,50,INOCENCIA
5006309,50,PARANAIBA
5007802,50,SELVIRIA
5000203,50,AGUA CLARA
5002308,50,BRASILANDIA
5007109,50,RIBAS DO RIO PARDO
5007554,50,SANTA RITA DO PARDO
5008305,50,TRES LAGOAS
5000807,50,ANAURILANDIA
5001904,50,BATAGUASSU
5002001,50,BATAYPORA
5006200,50,NOVA ANDRADINA
5007976,50,TAQUARUSSU
5002100,50,BELA VISTA
5002159,50,BODOQUENA
5002209,50,BONITO
5002803,50,CARACOL
5004106,50,GUIA LOPES DA LAGUNA
5005004,50,JARDIM
5005806,50,NIOAQUE
5000609,50,AMAMBAI
5000906,50,ANTONIO JOAO
5001243,50,ARAL MOREIRA
5002407,50,CAARAPO
5003504,50,DOURADINA
5003702,50,DOURADOS
5003801,50,FATIMA DO SUL
5004502,50,ITAPORA
5005152,50,JUTI
5005251,50,LAGUNA CARAPA
5005400,50,MARACAJU
5006002,50,NOVA ALVORADA DO SUL
5006606,50,PONTA PORA
5007208,50,RIO BRILHANTE
5008404,50,VICENTINA
5000856,50,ANGELICA
5003157,50,CORONEL SAPUCAIA
5003454,50,DEODAPOLIS
5003751,50,ELDORADO
5004007,50,GLORIA DE DOURADOS
5004304,50,IGUATEMI
5004601,50,ITAQUIRAI
5004700,50,IVINHEMA
5004809,50,JAPORA
5005103,50,JATEI
5005681,50,MUNDO NOVO
5005707,50,NAVIRAI
5006259,50,NOVO HORIZONTE DO SUL
5006358,50,PARANHOS
5007703,50,SETE QUEDAS
5007950,50,TACURU
5101407,51,ARIPUANA
5101902,51,BRASNORTE
5102850,51,CASTANHEIRA
5103254,51,COLNIZA
5103379,51,COTRIGUACU
5105150,51,JUINA
5105176,51,JURUENA
5107578,51,RONDOLANDIA
5100250,51,ALTA FLORESTA
5100805,51,APIACAS
5102793,51,CARLINDA
5106158,51,NOVA BANDEIRANTES
5106299,51,PARANAITA
5108956,51,NOVA MONTE VERDE
5103205,51,COLIDER
5104104,51,GUARANTA DO NORTE
5105606,51,MATUPA
5106216,51,NOVA CANAA DO NORTE
5106265,51,NOVO MUNDO
5106422,51,PEIXOTO DE AZEVEDO
5108055,51,TERRA NOVA DO NORTE
5108808,51,NOVA GUARITA
5102637,51,CAMPO NOVO DO PARECIS
5200258,52,AGUAS LINDAS DE GOIAS
5200308,52,ALEXANIA
5204003,52,CABECEIRAS
5205497,52,CIDADE OCIDENTAL
5205513,52,COCALZINHO DE GOIAS
5205802,52,CORUMBA DE GOIAS
5206206,52,CRISTALINA
5208004,52,FORMOSA
5212501,52,LUZIANIA
5213053,52,MIMOSO DE GOIAS
5215231,52,NOVO GAMA
5215603,52,PADRE BERNARDO
5217302,52,PIRENOPOLIS
5217609,52,PLANALTINA
5219753,52,SANTO ANTONIO DO DESCOBERTO
5221858,52,VALPARAISO DE GOIAS
5222203,52,VILA BOA
5222302,52,VILA PROPICIO
5201454,52,APARECIDA DO RIO DOCE
5201504,52,APORE
5204409,52,CAIAPONIA
5205059,52,CASTELANDIA
5205471,52,CHAPADAO DO CEU
5207253,52,DOVERLANDIA
5211909,52,JATAI
5213004,52,MAURILANDIA
5213103,52,MINEIROS
5213756,52,MONTIVIDIU
5215652,52,PALESTINA DE GOIAS
5216452,52,PEROLANDIA
5218102,52,PORTELANDIA
5218805,52,RIO VERDE
5219308,52,SANTA HELENA DE GOIAS
5219407,52,SANTA RITA DO ARAGUAIA
5219712,52,SANTO ANTONIO DA BARRA
5220504,52,SERRANOPOLIS
5200134,52,ACREUNA
5204607,52,CAMPESTRE DE GOIAS
5205455,52,CEZARINA
5207352,52,EDEALINA
5207402,52,EDEIA
5209952,52,INDIARA
5211701,52,JANDAIA
5215702,52,PALMEIRAS DE GOIAS
5215900,52,PALMINOPOLIS
5216403,52,PARAUNA
5220058,52,SAO JOAO DA PARAUNA
5221551,52,TURVELANDIA
5221908,52,VARJAO
5200209,52,AGUA LIMPA
5200506,52,ALOANDIA
5203500,52,BOM JESUS DE GOIAS
5203906,52,BURITI ALEGRE
5204250,52,CACHOEIRA DOURADA
5204508,52,CALDAS NOVAS
5206503,52,CROMINIA
5209101,52,GOIATUBA
5209937,52,INACIOLANDIA
5211503,52,ITUMBIARA
5212105,52,JOVIANIA
5212600,52,MAIRIPOTABA
5212907,52,MARZAGAO
5213806,52,MORRINHOS
5216007,52,PANAMA
5217104,52,PIRACANJUBA
5217708,52,PONTALINA
5218052,52,PORTEIRAO
5218391,52,PROFESSOR JAMIL
5218789,52,RIO QUENTE
5222054,52,VICENTINOPOLIS
5206305,52,CRISTIANOPOLIS
5208152,52,GAMELEIRA DE GOIAS
5215306,52,ORIZONA
5215801,52,PALMELO
5217401,52,PIRES DO RIO
5219209,52,SANTA CRUZ DE GOIAS
5220264,52,SAO MIGUEL DO PASSA QUATRO
5220603,52,SILVANIA
5221809,52,URUTAI
5222005,52,VIANOPOLIS
5201207,52,ANHANGUERA
5204805,52,CAMPO ALEGRE DE GOIAS
5205109,52,CATALAO
5205901,52,CORUMBAIBA
5206602,52,CUMARI
5206909,52,DAVINOPOLIS
5208509,52,GOIANDIRA
5210109,52,IPAMERI
5214804,52,NOVA AURORA
5215504,52,OUVIDOR
5221304,52,TRES RANCHOS
5204102,52,CACHOEIRA ALTA
5204300,52,CACU
5209150,52,GOUVELANDIA
5210802,52,ITAJA
5211305,52,ITARUMA
5212253,52,LAGOA SANTA
5216304,52,PARANAIGUARA
5218508,52,QUIRINOPOLIS
5220405,52,SAO SIMAO
5300108,53,BRASILIA
